year,tas,rlut,rsut,rsdt
1850,0.9403824348607372,-4.134272063799415,-2.120778871054668,-7.884583902750819e-05
