year,tas,rlut,rsut,rsdt
1850,0.9952340901768366,-3.975392860194347,-2.000905631445633,-6.153035502620696e-05
