year,tas,rlut,rsut,rsdt
1850,287.9879797444476,229.9145237139968,109.05756613142965,340.2081385579033
