year,tas,rlut,rsut,rsdt
1850,287.94709112380144,229.57696258654707,109.32199257145903,340.20837890939356
