,tas,rlut,rsut,rsdt
185006-185105,1.2689639922946299,-3.9826971118700953,-3.1771409608453496,-0.007888853470433332
185106-185205,2.12701114151065,-2.6049572884485315,-2.7287341940223655,0.02398694105283994
185206-185305,2.68202028375714,-1.6626160176069504,-3.1862909649368447,-0.007888900891884987
185306-185405,2.963919740623851,-1.1789776695805472,-3.5204077246446275,-0.007888924602639236
185406-185505,3.3521020561432238,-0.8083391409568321,-3.7052322622379137,-0.007888948313336641
