,tas,rlut,rsut,rsdt
185008-185107,1.4192928055664424,-3.9388229591158677,-2.9961149818972928,-0.007888877181187581
185108-185207,2.2726097632972824,-2.3110065322100297,-2.717675129087567,0.023986917342142533
185208-185307,2.4806534902225508,-1.8737320323400581,-3.033596962056336,-0.007888924602639236
185308-185407,2.9303431065499126,-1.4402035057898956,-3.28505842909631,-0.007888948313336641
185408-185507,3.2242898163329983,-0.9086340405357873,-3.3715278641505506,-0.00788897202409089
