,tas,rlut,rsut,rsdt
185011-185110,1.4636684577229175,-3.8532004172440963,-3.0860405649920466,-0.007888877181187581
185111-185210,2.171377703630924,-2.4871005040044736,-2.3606557359171063,0.023986917342142533
185211-185310,2.5871537343631417,-1.7475730750545608,-3.4415584338229763,-0.007888924602639236
185311-185410,3.0535221686485556,-1.0882051896913083,-3.333438301039564,-0.007888948313336641
185411-185510,3.252700511030014,-0.8419925961597414,-3.2025453452881862,-0.00788897202409089
