,tas,rlut,rsut,rsdt
185012-185111,1.4746903200143038,-3.75754921393181,-2.7971342481042143,-0.007888877181187581
185112-185211,2.1589223626878606,-2.5431092650507594,-3.2038009709057746,0.023986917342142533
185212-185311,2.6643553476978923,-1.7818307705009033,-3.100455373871384,-0.007888924602639236
185312-185411,2.8784325389397623,-1.2457880971721238,-3.0941055532535557,-0.007888948313336641
185412-185511,3.3338411494076468,-0.838513592253463,-3.6856861391799924,-0.00788897202409089
