year,tas,rlut,rsut,rsdt
2020,288.3001041951482,236.6675349509957,102.23462302573478,340.22296951039846
2021,288.58368990146636,236.9260943936641,102.42954187446095,340.29395553087755
2022,288.4829682440722,237.23338290459887,101.90163098556305,340.3712256313467
2023,288.3016302069077,236.8312732724787,101.66136210261078,340.4154950677351
2024,288.49248307255493,236.75617038858846,101.85858050299719,340.43348896110666
