year,tas,rlut,rsut,rsdt
2020,288.44786051222286,236.55215200503991,102.35859528801278,340.22296951039846
2021,288.5826994706828,237.0568321570258,102.58068904525794,340.29395553087755
2022,288.31616146449124,237.02764103056248,102.1711997466485,340.3712256313467
2023,288.20993857741274,236.73621809709311,101.76590992572262,340.4154950677351
2024,288.35908632963697,236.74076131737522,101.77579289240371,340.43348896110666
