year,tas,rlut,rsut,rsdt
2020,288.3113283121116,236.51063123514095,101.84911729480774,340.22296951039846
2021,288.4879779712435,237.01184880845005,101.86701671638805,340.29395553087755
2022,288.51299852576443,237.11347926397886,101.78108431658977,340.3712256313467
2023,288.4307658030962,236.9773232270702,101.67451040493232,340.4154950677351
2024,288.89791607412684,237.14200073575898,102.16344753544355,340.43348896110666
