year,tas,rlut,rsut,rsdt
2020,288.0352538717525,236.5715517572347,101.67128064076746,340.22296951039846
2021,288.27486974657387,236.5248801802292,101.8141631847679,340.29395553087755
2022,288.6328624022479,237.02394469472733,102.0330385218515,340.3712256313467
2023,288.7776927627737,237.24846509939243,102.10336826247355,340.4154950677351
2024,288.5014051199054,237.26410640200416,101.79183120880224,340.43348896110666
