year,tas,rlut,rsut,rsdt
2020,288.54382989477693,236.9219424928672,102.32873513709511,340.22296951039846
2021,288.5116264062668,237.31560598967098,101.89255815733357,340.29395553087755
2022,288.20308832327754,236.91522436533387,101.6239349421449,340.3712256313467
2023,288.2813030013223,236.9163388454048,101.25853442146767,340.4154950677351
2024,288.48914166695226,236.8746103032718,101.85478110241608,340.43348896110666
