year,tas,rlut,rsut,rsdt
2020,288.6237850048933,236.7702936120977,102.51533555465886,340.22296951039846
2021,288.5275026604207,237.15277591567772,102.1354692582812,340.29395553087755
2022,288.3489195344452,237.21776484392208,101.89614920978663,340.3712256313467
2023,288.26887910599646,236.95453922451398,101.64115552100189,340.4154950677351
2024,288.40688705177047,236.95455503787767,101.57770972855597,340.43348896110666
