year,tas,rlut,rsut,rsdt
2020,288.44343097195446,236.86305352316162,102.21235318536635,340.22296951039846
2021,288.3304875075462,236.97019310260188,101.77337519221895,340.29395553087755
2022,288.5220887869112,236.94979251524333,101.81231540148671,340.3712256313467
2023,288.78977754522947,237.1170535261143,102.21585226769973,340.4154950677351
2024,288.87011754397435,237.34923959395158,101.94711425989435,340.43348896110666
