year,tas,rlut,rsut,rsdt
2020,288.243718113052,236.85020913205835,101.75286277464225,340.22296951039846
2021,288.32212339804244,236.7352753520793,101.94249424259839,340.29395553087755
2022,288.7024315507153,237.16417496875087,102.25148279045281,340.3712256313467
2023,288.5739505589869,237.3735902554814,101.98919400653072,340.4154950677351
2024,288.34648372265855,236.94029568481437,101.44028631962674,340.43348896110666
