year,tas,rlut,rsut,rsdt
2020,288.3961341995938,236.87712280351187,101.83019624446759,340.22296951039846
2021,288.4300980525863,237.3205045131825,101.64733296559662,340.29395553087755
2022,288.7247942749173,236.9190015417993,102.13834084851182,340.3712256313467
2023,288.92083200940004,237.70988556706027,101.94788088333569,340.4154950677351
2024,288.54022810444235,237.18038345822262,101.79008442909758,340.43348896110666
