year,tas,rlut,rsut,rsdt
2020,288.5431560194467,236.9788272977445,102.09904919807786,340.22296951039846
2021,288.4465861760134,237.18626195570224,102.0530082674699,340.29395553087755
2022,288.2199783237589,236.7377106876271,101.60099278019011,340.3712256313467
2023,288.2578260650693,236.89737917855496,101.8261791346152,340.4154950677351
2024,288.31311243285705,236.72960661592217,101.65162813600443,340.43348896110666
