year,tas,rlut,rsut,rsdt
2015,287.00011086659885,237.23876944764024,100.97370772688355,340.4888279745024
2016,287.10021905951163,237.28646467031675,100.85290648246723,340.4480078858756
2017,287.24386638484594,237.63658066841023,101.02220157989085,340.397432928216
2018,286.9707325556507,237.10641713599637,100.78294790607607,340.38950345810144
2019,286.9952191078499,236.8278051925032,100.95430427446757,340.38813041791525
2020,287.2239845984621,237.39838780470885,101.04387458426054,340.4294722093259
