year,tas,rlut,rsut,rsdt
2015,287.2073519772046,237.69540221331872,100.9210845738241,340.4888279745024
2016,287.1705650788187,237.4514537040002,100.56161830464346,340.4480078858756
2017,287.1830906698149,237.52824707031255,100.55225355592493,340.397432928216
2018,287.34288589268516,237.6022862682604,100.49201260919439,340.38950345810144
2019,287.2545214509311,237.6289665744729,100.32094155925596,340.38813041791525
2020,287.4640623832661,237.71024385045789,100.31959158475281,340.4294722093259
