year,tas,rlut,rsut,rsdt
1850,289.19798711924045,225.95647088480806,107.52435116328327,340.20817292984265
