year,tas,rlut,rsut,rsdt
1850,288.94232521397817,225.60156972635266,107.32108694001336,340.2083173790385
