year,tas,rlut,rsut,rsdt
1850,1.024641432805197,-4.380811788251464,-1.637363988311705,-0.00015607728829536427
