,tas,rlut,rsut,rsdt
185002-185101,287.3006649487639,234.22887347495723,99.27051868177442,341.597793788126
185102-185201,288.21144894116543,235.38804241859748,100.2190940125348,341.6016712763538
185202-185301,288.727539979695,236.35667169289513,99.90991381869289,341.62580271236226
185302-185401,288.9835865595569,236.82697369301158,100.1224348721439,341.597793788126
185402-185501,288.99273740167484,236.94583723512412,99.47473961817076,341.597793788126
