,tas,rlut,rsut,rsdt
185006-185105,287.197574312393,233.9865522410771,99.7975547686015,341.597793788126
185106-185205,288.05551856202504,235.36412786264884,100.24611557507124,341.62966960636
185206-185305,288.6104248046875,236.30630493164062,99.78871284380352,341.597793788126
185306-185405,288.89222136197026,236.78977907781731,99.4547501237425,341.597793788126
185406-185505,289.2803007779056,237.1602534045912,99.27007962579596,341.597793788126
