,tas,rlut,rsut,rsdt
185010-185109,287.39481836606376,234.0851287423748,99.90308760551557,341.597793788126
185110-185209,288.0856951103836,235.42517898642953,100.32035687972939,341.62966960636
185210-185309,288.5287776581228,236.28135100064216,99.73098934643889,341.597793788126
185310-185409,288.7102814138752,236.43454247043562,99.91482903467467,341.597793788126
185410-185509,289.16240936697346,237.06977037403684,99.13451782644613,341.597793788126
