,tas,rlut,rsut,rsdt
185005-185104,287.9051686156127,237.37288673020007,95.99150448881655,340.2131616238746
185105-185204,288.45128822448606,238.44781864288373,95.30869708139333,340.19810029980425
185205-185304,289.0010630878777,239.38693096362445,95.05554857776087,340.260197005562
185305-185404,289.3612210904669,240.18728370168665,94.54787468485148,340.2131616238746
185405-185504,289.42894298165237,240.31715605418685,94.86973892586326,340.2131616238746
