year,tas,rlut,rsut,rsdt
1850,288.1733456864353,230.3372826730596,109.16171515159499,340.2083290071311
