,tas,rlut,rsut,rsdt
185009-185108,1.5003108713613074,-4.082967061577108,-2.781167821682402,0.004629110664382097
185109-185208,2.2858345421218473,-2.6396213324161977,-2.9681003774908845,-0.013647484249645458
185209-185308,2.813640772659653,-1.8347711378703764,-3.4469937798017156,0.004577958795778159
185309-185408,3.431513032143471,-1.0807790970961548,-3.4603345505090743,0.004602465133586975
185409-185508,3.4543443562675975,-0.7241306056582459,-4.211005990462738,0.004628142008698433
185509-185608,3.6092731632908226,-0.7824830217522276,-4.226513324007556,-0.013648452905329123
185609-185708,4.062766696564438,-0.35986609014130977,-3.5938405654083567,0.0045769901400944946
185709-185808,4.149174078854287,0.09221789131692049,-4.0385462159851215,0.004601496477903311
185809-185908,4.088835303850658,0.0872690341888358,-4.244906048891494,0.004627173352957925
