,tas,rlut,rsut,rsdt
185007-185106,1.3755493265197174,-4.297630214402517,-2.6376289991425494,0.00815669186613377
185107-185206,2.3140620511670704,-2.6295472380712113,-3.099534354294832,-0.024304706142686427
185207-185306,2.7202375861228916,-1.9196163594029656,-3.335427847619286,0.008170337595004185
185307-185406,3.056284944600691,-1.6303654375953727,-3.542691377082278,0.008168924893880103
185407-185506,3.59005853448366,-0.8873839717889211,-3.6222665587418703,0.008155723210450105
185507-185606,3.7828179584261648,-0.3482437749461269,-4.073813243761336,-0.02430567479837009
185607-185706,4.008180615255583,-0.2628581087494979,-4.160817515021719,0.00816936893932052
185707-185806,4.33368385785684,0.11331937522368207,-4.058488930728558,0.008167956238196439
185807-185906,4.1874328330138155,0.18616053541953193,-4.269541740077045,0.008154754554709598
