,tas,rlut,rsut,rsdt
185009-185108,287.7973393695518,237.01633383534443,95.92220973820218,340.21316162387467
185109-185208,288.5748918283305,238.70789470048672,95.0580235995598,340.19699793804267
185209-185308,289.03778474172447,239.50127232261397,95.14498292743276,340.2613023874928
185309-185408,289.17293369304355,239.88400097208105,94.73883364709461,340.21316162387467
185409-185508,289.5550760579264,240.1499378175104,94.41975634174933,340.21316162387467
