,tas,rlut,rsut,rsdt
185011-185110,287.8580957981292,237.07507873359518,95.33139182814108,340.21316162387467
185111-185210,288.5887901142023,238.60850738376303,94.9835411028342,340.22817743550655
185211-185310,289.07510342471164,239.5372386853495,94.92518547058533,340.2300374667481
185311-185410,289.2769637114498,239.99611270059418,95.08398903211706,340.21316162387467
185411-185510,289.6107308706299,240.61513352970553,94.5782858570899,340.21316162387467
