,tas,rlut,rsut,rsdt
185012-185111,287.9222283635576,237.3227626557822,95.31263580435545,340.21316162387467
185112-185211,288.50907044982137,238.63654895802404,95.83789331182209,340.2402209221932
185212-185311,288.9979345347112,239.31957238551342,94.92058803467042,340.21796098420754
185312-185411,289.3154959728228,240.17668987263156,94.80388294684496,340.21316162387467
185412-185511,289.6010567769585,240.80642463850734,94.3648634747862,340.21316162387467
