,tas,rlut,rsut,rsdt
185006-185105,287.8659263961786,237.29666907290948,95.81102275021978,340.21316162387467
185106-185205,288.5484830301073,238.5550008333064,95.33541393128608,340.1868302951866
185206-185305,288.9796008504855,239.47996138797063,94.7267551207393,340.27149788690457
185306-185405,289.3333642640957,240.17161924865823,94.65910942228122,340.21316162387467
185406-185505,289.49523106306106,240.5950493700868,94.75363881765666,340.21316162387467
