,tas,rlut,rsut,rsdt
185008-185107,287.8880184837006,237.2542941947878,95.61032945662373,340.21316162387467
185108-185207,288.59983128301053,238.6934733691139,95.164149367381,340.186209355074
185208-185307,288.9797161738026,239.37045525745643,95.16031153085817,340.272120528223
185308-185407,289.2604784720644,240.14861048842886,94.52505320894373,340.21316162387467
185408-185507,289.7095718773796,240.6213593993725,94.23517455656167,340.21316162387467
