year,tas,rlut,rsut,rsdt
1850,5.684341886080802e-14,5.684341886080802e-14,1.4210854715202004e-14,1.7053025658242404e-13
