year,tas,rlut,rsut,rsdt
1850,1.1368683772161603e-13,8.526512829121202e-14,4.263256414560601e-14,1.1368683772161603e-13
