year,tas,rlut,rsut,rsdt
1850,288.00087819468473,230.18003021870516,108.67843721403794,340.2373059163244
