year,tas,rlut,rsut,rsdt
2020,1.7270857011549197,-1.77988478450888,0.5398995846436634,-0.047873333026075215
2021,1.6144003522714456,-1.6724942351341952,0.10082718448623496,0.023112687453021863
2022,1.8062597471613344,-1.6926438525584047,0.13967298674397455,0.1003827879221717
2023,2.074206621004464,-1.5251318717529898,0.5431154459469525,0.14465222431061875
2024,2.154804735274297,-1.292694833981301,0.27428303113157426,0.16264611768212944
