year,tas,rlut,rsut,rsdt
2020,1.8216484381495661,-1.6691304086137961,0.4284837375555668,-0.047873333026075215
2021,1.7253367102412085,-1.4614447807216493,0.38234839993759806,0.023112687453021863
2022,1.4989869735115349,-1.909745078862386,-0.06976149435220691,0.1003827879221717
2023,1.5370928303468645,-1.749825618000159,0.15533045306287363,0.14465222431061875
2024,1.592637313659452,-1.9173472106985514,-0.01931495255793436,0.16264611768212944
