year,tas,rlut,rsut,rsdt
2020,1.5889212348461115,-1.9703839579869964,0.5602812848116798,-0.047873333026075215
2021,1.8727650566891043,-1.7115735453841978,0.755105726527816,0.023112687453021863
2022,1.7723015148198442,-1.4040340645150025,0.22710043061989893,0.1003827879221717
2023,1.5912215931801938,-1.8058927267008187,-0.013262859342390243,0.14465222431061875
2024,1.7823325743523242,-1.8807446406566442,0.18386113403401794,0.16264611768212944
