year,tas,rlut,rsut,rsdt
2020,1.4963989792674965,-1.8228455677388808,0.09173801512200441,-0.047873333026075215
2021,1.5750623797828212,-1.9375283777835364,0.28127507606815527,0.023112687453021863
2022,1.955628647980518,-1.508377791177594,0.5901692169125283,0.1003827879221717
2023,1.8274057717770233,-1.2987115345126767,0.32778602598042994,0.14465222431061875
2024,1.6001970509735202,-1.7317551352452938,-0.2212160679335824,0.16264611768212944
