year,tas,rlut,rsut,rsdt
2015,287.21519139956126,237.49156059369648,100.8967210534501,340.4888279745024
2016,287.24378358601217,237.6498487295349,100.60136672056437,340.4480078858756
2017,287.1730706201841,237.37176902457463,100.69990278270149,340.397432928216
2018,287.3223907052655,237.41233629200556,100.39774119755992,340.38950345810144
2019,287.4818153694884,237.88165504769105,100.21075205345677,340.38813041791525
2020,287.3835239931534,237.62783167271013,100.4410295747017,340.4294722093259
