year,tas,rlut,rsut,rsdt
2015,286.85648870598783,236.92088322051583,101.08909995719178,340.4888279745024
2016,286.81912206430906,236.87956754757408,101.0270266506841,340.4480078858756
2017,286.8327262146832,237.1465498832807,101.32452775092973,340.397432928216
2018,286.77666868444993,236.77915218823568,100.96612352345089,340.38950345810144
2019,286.9040612625749,236.7173420945259,100.94639976187928,340.38813041791525
2020,287.1596023476189,237.24223982180402,101.09639639932601,340.4294722093259
