year,tas,rlut,rsut,rsdt
2020,1.8867904921037848,-1.8927222903239453,0.850434514737799,-0.047873333026075215
2021,1.7907662631560015,-1.509989016809584,0.4704738113501321,0.023112687453021863
2022,1.6124412527054233,-1.4447491186307957,0.23105935584554516,0.1003827879221717
2023,1.5326589397816406,-1.7077237681044721,-0.02402873994923027,0.14465222431061875
2024,1.6709250010804908,-1.707456984806413,-0.08756893940518751,0.16264611768212944
