year,tas,rlut,rsut,rsdt
2020,1.6539773763067842,-1.79091249759756,0.1671833447469595,-0.047873333026075215
2021,1.688199344824227,-1.3472798179925576,-0.01577434113404763,0.023112687453021863
2022,1.9831536826800402,-1.7485318194413821,0.47513913477114045,0.1003827879221717
2023,2.17944953268767,-0.9573968242460182,0.2845847625849842,0.14465222431061875
2024,1.7991037432548183,-1.4866479631492666,0.12669390133685,0.16264611768212944
