year,tas,rlut,rsut,rsdt
2020,1.817160002982348,-1.7310346121788598,0.6600578167732465,-0.047873333026075215
2021,1.7852146299971423,-1.3371201454407071,0.22378643000166676,0.023112687453021863
2022,1.476934662532699,-1.737250799843423,-0.04493119219699793,0.1003827879221717
2023,1.5554074561023867,-1.735885349838071,-0.4104261198842494,0.14465222431061875
2024,1.763504237257223,-1.777362922036673,0.18572615405412307,0.16264611768212944
