year,tas,rlut,rsut,rsdt
2020,1.2827724274705474,-2.106522341250354,0.012044021447650266,-0.047873333026075215
2021,1.522646417816759,-2.1529429483214813,0.15483215843808296,0.023112687453021863
2022,1.880897189015684,-1.653627463888938,0.37361308851163244,0.1003827879221717
2023,2.0259856650663437,-1.4288560892894395,0.44384842212369335,0.14465222431061875
2024,1.7499561377229043,-1.4129638167433143,0.13221696144233874,0.16264611768212944
