year,tas,rlut,rsut,rsdt
2015,1.0553355235928166,-0.9081931670201868,0.296583623372328,0.03491396315109796
2016,1.0835010444150726,-0.7505165461651302,0.0018403203999639572,-0.005906367639624932
2017,1.0123614129583984,-1.029207766108783,0.10098741245045062,-0.056481567463151805
2018,1.1612548324112026,-0.9892520136612006,-0.200563142777753,-0.06441127974159144
2019,1.3202528310055186,-0.5205447729591697,-0.3869412569675603,-0.06578456209172145
2020,1.2215347890419253,-0.7749796629234424,-0.1560527058092589,-0.024443012844983514
