year,tas,rlut,rsut,rsdt
2015,1.0709627108091695,-0.6707182233118942,0.2873404985115684,0.03492728216707519
2016,1.033749146794662,-0.915278247613827,-0.07151474075570263,-0.005893048623647701
2017,1.0458480721622436,-0.839096396284873,-0.0802684595608838,-0.056468248447174574
2018,1.205216629403992,-0.7656687133203661,-0.13989837637804214,-0.06439796072561421
2019,1.1164255220213022,-0.7395999220912302,-0.31035839640313156,-0.06577124307574422
2020,1.3255397887276672,-0.6589341610896611,-0.31109734099293007,-0.024429693829006283
