year,tas,rlut,rsut,rsdt
2020,288.25092964375006,241.1763911430021,98.16371539670598,340.26615592265085
2021,288.4110947030833,241.59923522756867,97.62857033635017,340.3062027735541
2022,288.4116358581637,241.34877560078576,97.70786888320923,340.38403880607854
2023,288.4768049490971,241.34524665735242,97.80968484931401,340.4279656515917
2024,288.5645430070095,241.5244147911318,97.70704788580976,340.47702116295824
