year,tas,rlut,rsut,rsdt
2020,288.4962521105005,241.38033493203412,97.60354889828977,340.26615592265085
2021,288.5929289194279,241.57434509563527,97.28253754831466,340.3062027735541
2022,288.82098458031277,241.72883036411523,97.48364290086442,340.38403880607854
2023,288.9546658102319,242.21202546928404,97.81842411034258,340.4279656515917
2024,288.69091070272333,241.89980864471173,97.57099112839929,340.47702116295824
