year,tas,rlut,rsut,rsdt
2020,288.0599897486008,240.62537602431863,98.17817717663719,340.26615592265085
2021,288.21799133748766,241.06152163745807,98.35907067759071,340.3062027735541
2022,288.21217115224283,241.34547508936805,98.23779215625136,340.38403880607854
2023,288.2196954988004,241.2541748496266,98.14939145455833,340.4279656515917
2024,288.4033836591997,240.97992496271135,97.76151361419518,340.47702116295824
