year,tas,rlut,rsut,rsdt
2020,288.2771587394027,241.18199680710984,97.78786512262297,340.26615592265085
2021,288.56305180031967,241.72195636390185,97.28970385493797,340.3062027735541
2022,288.6648495246539,241.78355268370706,97.72800482867014,340.38403880607854
2023,288.7172674965274,241.96667725372012,97.44547650771993,340.4279656515917
2024,288.69746844395667,241.6597895709093,97.74327914951336,340.47702116295824
