year,tas,rlut,rsut,rsdt
2020,288.37045727006716,241.44159688927144,97.71366759421367,340.26615592265085
2021,288.5292487208664,241.31664004286304,98.0277472751261,340.3062027735541
2022,288.62284390269565,241.85508158908397,98.39128947549007,340.38403880607854
2023,288.43386745761205,241.35598270593775,97.64318622819758,340.4279656515917
2024,288.64001789762045,241.7264079628379,97.1386941587878,340.47702116295824
