year,tas,rlut,rsut,rsdt
1970,0.4452465401599852,-0.3819952666383699,,
1971,0.6000171728161376,-0.12879695675050584,,
1972,0.6921296537215085,0.08348666154500961,,
1973,0.6806264365327479,0.07407958912125423,,
1974,0.5726032611721621,-0.31906576101826545,,
1975,0.583997891654576,-0.28154425366977875,,
1976,0.766654635967825,0.05549114668693278,,
1977,0.6679167606176293,-0.1347825680769006,,
1978,0.8510645379278685,0.05482346082527556,,
1979,0.7854535628687813,0.08046372332108831,,
1980,0.8330917006355776,-0.039450545400796955,,
1981,0.855094855063669,0.07180063141046844,,
1982,0.8834745823916137,-0.2010016565478736,,
1983,0.6275698196442931,-0.6772351365748648,,
1984,0.5812665750938777,-0.7658249095318865,,
1985,0.745079020156993,-0.5426363336942188,,
1986,0.7930339374925097,-0.3324882858921683,,
1987,0.7253879662724785,-0.5349521168702154,,
1988,0.8371296539401101,-0.23336997202918042,,
1989,0.875513480539837,-0.1597645456179464,,
1990,0.8700722366188529,-0.4242007424709868,,
1991,1.070434571198632,-0.6244107870160747,,
1992,0.6341422696957579,-1.8035079456415133,,
1993,0.5103125173886838,-1.648197309180233,,
1994,0.7223640043603154,-0.9837937232602485,,
1995,0.7080754466699091,-0.9482359651876493,,
1996,0.526637363741429,-0.9381746310453423,,
1997,0.6928287884121573,-0.9192256883823688,,
1998,0.7851195887071754,-0.6148289574259991,,
1999,0.9789862633876965,-0.4693397980563532,,
2000,1.1708760703903636,-0.2390677449540135,,
2001,1.0338182119247108,-0.4098642125342167,,
2002,1.0712286876782287,-0.49809679065089085,,
2003,1.2290742334139395,-0.07082370706541496,,
2004,1.2665185052096035,0.006010767075622425,,
2005,1.141000867309458,-0.37744779274652274,,
2006,1.1962633276834254,-0.3576450569995302,,
2007,1.1333574123135008,-0.46760336619507825,,
2008,1.1707982902732965,-0.4121537783621818,,
2009,1.143538666452514,-0.5590591022532294,,
2010,1.244969046661879,-0.3099215192871725,,
2011,1.1884568721812343,-0.5062527307744631,,
2012,1.2502896123326082,-0.4023279108513407,,
2013,1.3043051058461401,-0.23452850365725908,,
2014,1.3928053320136087,-0.18108933424193197,,
