year,tas,rlut,rsut,rsdt
1970,0.2262379373689214,-0.5260682870377025,,
1971,0.3322519448329899,-0.6636856635311119,,
1972,0.18761848788136604,-0.6493096526694444,,
1973,0.1940837186731983,-0.7848944777455813,,
1974,0.24012757817888541,-0.9864002885590821,,
1975,0.030910159230529644,-1.2706764974567761,,
1976,0.24335270537017095,-0.9850523973555596,,
1977,0.32865966729070806,-0.7496631193254473,,
1978,0.4405291707281549,-0.6317244205126258,,
1979,0.3298941776691322,-0.8421254449486639,,
1980,0.45990716846029045,-0.613865998619815,,
1981,0.46547599101307924,-0.46545465526534713,,
1982,0.5073794324646883,-0.8217839811109116,,
1983,0.4108925365073901,-1.4531749816954687,,
1984,0.5319205986054953,-0.7687062677872802,,
1985,0.464315977465219,-0.9167490878081708,,
1986,0.5618516156529836,-0.7200942483405015,,
1987,0.6680208342540368,-0.4818687623314304,,
1988,0.6166250251426959,-0.778321577591754,,
1989,0.8569190606419284,-0.1753774168020641,,
1990,0.9645070782744369,0.11084994130328596,,
1991,0.7029684597738992,-1.110095028337895,,
1992,0.5994230761676249,-2.003339586519701,,
1993,0.7439057959563229,-1.2006977897765694,,
1994,0.70968462548052,-0.9954154431238749,,
1995,0.7910967307339547,-0.7015189145403156,,
1996,0.7413743096281564,-0.7712985687905132,,
1997,0.7811005226001271,-0.9150692679386907,,
1998,0.9102615584257023,-0.4299171259347929,,
1999,0.8937361971238147,-0.6980072592021145,,
2000,0.9294780583603028,-0.3585494693680573,,
2001,0.9918702884244226,-0.6706614874851198,,
2002,1.0909406691235404,-0.3442689156689198,,
2003,1.0304920965113524,-0.44900836629446417,,
2004,0.9995040574660834,-0.46411552992563543,,
2005,1.1012463733093796,-0.4628689040888787,,
2006,0.9595046074719562,-0.6148370091192987,,
2007,0.9559524712514644,-0.6534928858009721,,
2008,0.9847563248782194,-0.7252748780036029,,
2009,1.0481377161918886,-0.7148101991095928,,
2010,1.3921345518178327,-0.02193184272763915,,
2011,1.1610230507450296,-0.4774077530352656,,
2012,1.103490983301981,-0.3828120601102114,,
2013,1.3905554151095316,-0.21379569460623316,,
2014,1.4410808554074492,-0.23364099158868612,,
