year,tas,rlut,rsut,rsdt
1970,0.7246594982236161,0.24289639373043315,,
1971,0.7816547750252312,0.2858059232431458,,
1972,0.7552381625748126,0.06522050659521028,,
1973,0.8954946397220738,0.2921864809314343,,
1974,0.7966420531064955,-0.02104791441195175,,
1975,0.782144764509269,0.10116806382151822,,
1976,0.6476800901407955,-0.3945813907597824,,
1977,0.8116711565395462,-0.06483124172018506,,
1978,0.9190887975298097,0.3344233145800217,,
1979,0.6401085378956282,-0.25958869442595756,,
1980,0.7770096058899298,-0.03743582790886535,,
1981,0.9256752528715424,0.20926812033107467,,
1982,0.7001911595546062,-0.3252834979359136,,
1983,0.607923026205583,-0.8834929726240546,,
1984,0.6115547892266591,-0.7662942869437757,,
1985,0.5328067153263305,-0.8695567661867472,,
1986,0.6946544489528037,-0.4406745152842291,,
1987,0.6797907827424865,-0.4250854173188259,,
1988,0.7459094503975621,-0.4802990047876108,,
1989,0.8164415258590338,-0.4519109478317773,,
1990,0.7884060512885185,-0.5107821132745869,,
1991,0.77308709291367,-1.0441969850064936,,
1992,0.5389098949678441,-2.1044143256160908,,
1993,0.7006073068989735,-1.3993645549316511,,
1994,0.7049086402978446,-0.8392492480508054,,
1995,0.7129644885561675,-0.8405972015058296,,
1996,0.6717722830856019,-0.8037329326822658,,
1997,0.8120724342054473,-0.8407544314980555,,
1998,0.8706059872832839,-0.693564402842128,,
1999,0.9561827303252244,-0.5333306348118185,,
2000,1.023012177397277,-0.5399068805882337,,
2001,1.2440414413870826,-0.13967617197258164,,
2002,1.3800604275262458,0.23921238442483173,,
2003,0.9600898958195216,-0.6099081438766802,,
2004,0.9563593287072649,-0.5130808382368741,,
2005,1.0201754255538162,-0.6287200680978344,,
2006,1.0532117546491122,-0.5525130402448326,,
2007,1.1974526794256235,-0.23084110249206446,,
2008,1.1018433805679706,-0.5320326937601578,,
2009,1.3671123658658075,-0.3035542896787149,,
2010,1.413023612844711,0.08941206930958856,,
2011,1.073060456711346,-0.5718807827555565,,
2012,1.0839811562082673,-0.6276375988117877,,
2013,1.090226622053649,-0.6587338956963436,,
2014,1.2299147045623045,-0.41044690774992887,,
