year,tas,rlut,rsut,rsdt
1970,0.5145466172000397,-0.16781718642928922,,
1971,0.5445106400178474,-0.24870887910242345,,
1972,0.5005954986463621,-0.32794321260715265,,
1973,0.4911123286044585,-0.21547999540015894,,
1974,0.5774702914320073,-0.169803999062907,,
1975,0.5106739642882872,-0.5544066234125182,,
1976,0.4836833240638043,-0.3602998313578212,,
1977,0.47892686129512185,-0.5121317929199733,,
1978,0.40973703518733373,-0.5826111873058721,,
1979,0.48423829078768676,-0.6173162522868267,,
1980,0.7186782194310695,-0.26920434547756145,,
1981,0.9236164305513057,0.11578785850983309,,
1982,0.73495720859529,-0.30558210540965547,,
1983,0.44051501044071983,-1.1959898584408393,,
1984,0.5103773373390936,-0.7182575293611251,,
1985,0.6624762990862791,-0.5488520413335891,,
1986,0.5979456481268244,-0.6108335729881276,,
1987,0.5414217995552804,-1.0011477899079466,,
1988,0.6091833017953263,-0.6284388276125696,,
1989,0.6229108831701069,-0.6180528346386893,,
1990,0.6954056976825882,-0.31630210976692297,,
1991,0.5581204621631741,-1.3211886881327928,,
1992,0.2525974500608186,-2.6964836803333867,,
1993,0.32055770529763095,-1.8928929239239665,,
1994,0.5065207128678253,-1.398184960968706,,
1995,0.5800031204356628,-1.0866925443058335,,
1996,0.7210027795296696,-0.7628127626944661,,
1997,0.7800923482095641,-0.8704632574006155,,
1998,0.9754959784539778,-0.6367008420396019,,
1999,1.029215296397922,-0.3577712505721422,,
2000,0.8977380514713786,-0.6265750962227798,,
2001,0.8286327553671526,-0.6943741730262047,,
2002,1.0966575774475018,-0.2871269278976172,,
2003,1.2603407987976425,-0.09313912175377936,,
2004,1.3830128723050734,0.35229791750023765,,
2005,1.1082006021827056,-0.7010635774878722,,
2006,1.2648842163748668,-0.18454767377403414,,
2007,1.3224225109483427,-0.03924027015523279,,
2008,1.39222720239286,-0.10239763589464701,,
2009,1.2797061464290778,-0.1968754421623089,,
2010,1.2441142797549105,-0.3809448281859318,,
2011,1.3667199395377452,-0.21414730454793585,,
2012,1.4322584187913208,-0.12420224855145534,,
2013,1.451899048612006,-0.11145179484623213,,
2014,1.5424093828196987,0.1920848527315968,,
