year,tas,rlut,rsut,rsdt
1970,0.46564413997703014,-0.176456000476378,,
1971,0.37655772097031104,-0.48165326476194537,,
1972,0.5668166850601324,-0.29396844474121053,,
1973,0.5993001089403833,-0.06779287385680277,,
1974,0.3995020056198655,-0.35093094228537325,,
1975,0.26851235091345416,-0.8535045780000701,,
1976,0.21857728362977014,-0.851556344760894,,
1977,0.4968612901657252,-0.55648505965857,,
1978,0.6002988828662978,-0.15104727775027982,,
1979,0.39843335851833217,-0.6832756979888188,,
1980,0.5973806117480649,-0.45936771410316624,,
1981,0.7022462640161962,-0.03202264774230912,,
1982,0.6604485359325167,-0.44790276061385725,,
1983,0.44700100063448645,-1.1050834339558264,,
1984,0.5421194759358059,-0.7168767236456404,,
1985,0.6557269320089176,-0.716551551201718,,
1986,0.6290974128434641,-0.7164076611253165,,
1987,0.7511420673893667,-0.4672738343705021,,
1988,0.6906020113013369,-0.6697305275405938,,
1989,0.8207861106806149,-0.6209240740626001,,
1990,0.9156279787757171,-0.31272825537848803,,
1991,0.8600969485772225,-0.4865226776280167,,
1992,0.6635013213912657,-1.907299477743635,,
1993,0.5952328516736429,-1.7084930013989776,,
1994,0.7116404648699017,-0.95667795705873,,
1995,0.753356842500466,-0.851117331308302,,
1996,0.9120455011986337,-0.6773029985542962,,
1997,1.0361047730789323,-0.36767656722730635,,
1998,0.9188377692019003,-0.692694934872577,,
1999,1.0791187685243244,-0.3406926557693737,,
2000,1.2477472829121439,-0.044024619214042104,,
2001,1.3687295589056703,0.2862102188376525,,
2002,1.3608181615398394,0.010750294439958452,,
2003,1.389179431957814,0.015376630552822235,,
2004,1.5671966946315479,0.4905824721818419,,
2005,1.2813015108425816,-0.1580718800998966,,
2006,1.4785365421871006,-0.093849096710926,,
2007,1.5206356718786083,0.29085749108620007,,
2008,1.4117139778078922,-0.2344442677219547,,
2009,1.449937275188688,-0.00781733714657662,,
2010,1.5648581430839954,0.2400527203067213,,
2011,1.5189224376360357,0.09731931588908083,,
2012,1.4077673343891206,-0.20200398595380875,,
2013,1.555949640948711,0.005446245899378255,,
2014,1.7292507332905984,0.34469026855268226,,
