year,tas,rlut,rsut,rsdt
1970,0.7005361994259829,0.18700936965964843,,
1971,0.556330882294958,-0.23632215156811753,,
1972,0.5166754652957479,-0.26445490884592004,,
1973,0.7019225138485581,0.07110363007379306,,
1974,0.7287176380262395,-0.0069454386679694835,,
1975,0.6501527074141222,-0.11144322139270457,,
1976,0.7618075940444555,0.0790053950825893,,
1977,0.7391840242285639,0.024670920706029165,,
1978,0.6407248988442689,-0.3611576723747021,,
1979,0.6623380966428272,-0.33236949878372,,
1980,0.8373997144050236,0.016418786128753027,,
1981,0.7825109226405402,-0.09179547490415985,,
1982,0.6999050407323466,-0.3503555444019071,,
1983,0.41801005298162863,-0.9589502025233116,,
1984,0.5301823774267405,-0.7115374359510156,,
1985,0.6772075456889866,-0.45793947124630563,,
1986,0.6269638591084572,-0.7756399918895909,,
1987,0.6815884066533044,-0.7296889068157384,,
1988,0.744118537909344,-0.29911341972024275,,
1989,0.579479995196948,-0.690798762455131,,
1990,0.7479364496010703,-0.22293665237427263,,
1991,0.7609324121984855,-0.9411264096752916,,
1992,0.35572154475573825,-2.3198307655878807,,
1993,0.35401979437205,-1.9360899516255472,,
1994,0.4988450002031186,-1.2780864887929795,,
1995,0.6519461029926106,-1.0084370817884007,,
1996,0.6409359862206543,-0.9300649398370524,,
1997,0.760421807966793,-0.6566413475156878,,
1998,0.7771099164507405,-0.5052032080263587,,
1999,0.6693831317026593,-0.9216030960849366,,
2000,0.7683302280120188,-0.8544950028172025,,
2001,0.8628725330336238,-0.6139458865441156,,
2002,0.9210925945451436,-0.6184984991551516,,
2003,1.0410368495805074,-0.4440827319650964,,
2004,1.0656548378609045,-0.5984380877864055,,
2005,0.8886623569626408,-0.8143688906220632,,
2006,0.9040306102438649,-0.8414348047142255,,
2007,1.111123245511635,-0.5461445631955826,,
2008,0.9853468615200427,-0.7254529043026707,,
2009,1.0701829620828107,-0.9551637009195417,,
2010,1.2061222855878668,-0.4525160427652679,,
2011,1.1761779872625198,-0.47226286191656186,,
2012,1.0094931305526416,-0.6129058845328359,,
2013,1.2308317307739003,-0.2784099752496445,,
2014,1.3804387120379715,-0.25856921812822975,,
