year,tas,rlut,rsut,rsdt
1970,0.12948294520907666,-0.7371383972847241,,
1971,0.18482858836273408,-0.8063028418968372,,
1972,0.09181480136157916,-0.884712889896889,,
1973,0.1920631526373313,-0.86397170320447,,
1974,0.19994719079863899,-0.7033771665075221,,
1975,0.09758227333122704,-1.058973146448892,,
1976,0.16544133364527625,-0.9146670332485485,,
1977,0.3009796364013937,-0.6949789564132232,,
1978,0.32763703662112675,-0.5945581250491045,,
1979,0.1450200347068744,-1.1751123094712455,,
1980,0.20937247385137425,-0.9152403489317749,,
1981,0.3164231522712271,-0.9569005869342675,,
1982,0.4529213897642421,-0.7410321916393343,,
1983,0.20492706634871638,-1.3180131475770054,,
1984,0.1906099683691309,-1.1181819399319863,,
1985,0.3015513633388309,-1.472861996398592,,
1986,0.3400321331006353,-0.9404925283966463,,
1987,0.4136984369330321,-1.0713366650583112,,
1988,0.4775509755008329,-0.9296563806805125,,
1989,0.37617346762573334,-0.8948477605563312,,
1990,0.4368250891022285,-1.040370841120449,,
1991,0.5190361074150474,-1.4547972230226378,,
1992,0.2152712039551261,-2.4688613811013624,,
1993,0.1624987918535794,-2.1749007424988065,,
1994,0.26366716378788624,-1.6087473719544505,,
1995,0.3347943273466285,-1.4043588189876175,,
1996,0.3084381974134658,-1.495853546902623,,
1997,0.43264010966004207,-1.0563095101794886,,
1998,0.48102199779339117,-1.1154211381047219,,
1999,0.5320207536827297,-1.3557006133469258,,
2000,0.6887157818325704,-1.0990961464685824,,
2001,0.7948763657273048,-0.8452202556301813,,
2002,0.9434963298131152,-0.47620535136340436,,
2003,0.7439886342434079,-0.7236667989976979,,
2004,0.7438739035823687,-0.8446575825997513,,
2005,0.9364041998586572,-0.7695456255798092,,
2006,1.1849265000691958,-0.2922442951677908,,
2007,0.9611064944641043,-0.5682222113418618,,
2008,0.8850980917186462,-0.9613272621588465,,
2009,0.8202215546767775,-1.0295264358620955,,
2010,1.1112442324629797,-0.619985044820595,,
2011,1.1180352462925498,-0.5224637719745147,,
2012,0.9841451497865705,-0.8267124657309353,,
2013,1.1754689927192317,-0.6099182715042275,,
2014,1.240696232317191,-0.4110128277880847,,
