year,tas,rlut,rsut,rsdt
1970,0.5611317370327242,-0.1402141924306477,,
1971,0.5181697565771515,-0.23095104302663572,,
1972,0.5207358446941726,-0.27455597435582035,,
1973,0.590321767912144,-0.1339739325689493,,
1974,0.6222083250919468,-0.20547978294229097,,
1975,0.6651817354418199,-0.3048830264810647,,
1976,0.6048059135841299,-0.27940898125166314,,
1977,0.7161487765652623,-0.10501053613367617,,
1978,0.7680697608803939,-0.18771684404018174,,
1979,0.9087719963031873,0.08494470259972786,,
1980,0.8930616929611688,0.16857327700040514,,
1981,0.7079553428461054,-0.08272569067761992,,
1982,0.7541553434984962,-0.5395105433339893,,
1983,0.7648637764631303,-0.7209551792965385,,
1984,0.7804542834812764,-0.34354537754742864,,
1985,0.45762445981620203,-0.9897931476761244,,
1986,0.5589638638319911,-0.7914312036449473,,
1987,0.8084602442675077,-0.5518002537416749,,
1988,0.6088675958204135,-0.7042604385816844,,
1989,0.7621763941860422,-0.4975355291658161,,
1990,0.9317007197248586,-0.07614268837667737,,
1991,0.9170112536405668,-0.7164166847379079,,
1992,0.5830412667651785,-1.777126366190089,,
1993,0.5629579131533546,-1.5331689475975736,,
1994,0.5461447288363956,-1.1067388624552734,,
1995,0.6968590783058062,-1.0535662221736573,,
1996,0.8216519817755739,-0.3796415893841356,,
1997,0.8427071790579248,-0.7213455582775339,,
1998,0.9289552456021966,-0.5661353338285551,,
1999,0.9747190423992151,-0.4408484076086836,,
2000,0.9687709172653172,-0.39848718918347004,,
2001,1.0755933378822533,-0.29154673986846547,,
2002,1.144125878882221,-0.36320063011768866,,
2003,1.3246898287320619,0.19493832357247243,,
2004,1.2336068379014478,-0.11466517695353673,,
2005,1.1109961551066476,-0.4597235339133192,,
2006,1.3049245840580284,-0.17773926230185566,,
2007,1.2343070422751339,-0.1975652158273533,,
2008,0.9977365910708045,-0.680733975773478,,
2009,1.1820105550838775,-0.47753773418702394,,
2010,1.2692366441289664,-0.32803401018350087,,
2011,1.3271897443564171,-0.18975127536731407,,
2012,1.3147997406605896,-0.4367001367440366,,
2013,1.3035235391937476,-0.1644113313495268,,
2014,1.3856393510981206,-0.17529676883333423,,
