year,tas,rlut,rsut,rsdt
1970,-0.07920214522778224,-1.0865214682849285,,
1971,0.09613322343443542,-1.1350258636435058,,
1972,0.3260704366859386,-0.368771721445313,,
1973,0.30885955264949416,-0.49032145894355494,,
1974,0.26590743621216006,-0.8895346050218791,,
1975,0.1332763115771627,-1.1230586812215222,,
1976,0.21287226629272027,-0.8724147231425263,,
1977,0.13172173380650065,-0.8898169279856916,,
1978,0.2441180818411226,-0.8709240457556575,,
1979,0.09647275824409007,-1.0213567842367013,,
1980,0.20279944120306936,-0.9270110843952182,,
1981,0.2364345256428919,-0.8753961275168933,,
1982,0.17705818700784448,-1.2935351083512785,,
1983,0.19228632526807132,-1.7300507689562892,,
1984,0.30159636264136225,-1.0644010871816079,,
1985,0.2049422289135805,-1.4452692131930291,,
1986,0.37824673765521766,-1.1344976397376456,,
1987,0.49626332170350906,-0.7804799374306981,,
1988,0.3039733692509685,-1.1046140397015165,,
1989,0.5142888084637889,-1.02111998622334,,
1990,0.5406487738059127,-0.923866367711156,,
1991,0.5366954257494285,-1.046970935935434,,
1992,-0.10371018447722236,-2.9320696714878522,,
1993,0.08855368837987498,-2.615115071780167,,
1994,0.31448620969666763,-1.5868562432886222,,
1995,0.5585871374607905,-1.1221561795068453,,
1996,0.5594160473463035,-0.9964118707856926,,
1997,0.61143804915082,-1.1866368504018396,,
1998,0.8870364150295131,-0.7103166487972601,,
1999,0.9858155488453235,-0.4382299799488294,,
2000,1.0666156893420293,-0.25206664804980505,,
2001,1.005115682533301,-0.372429208655916,,
2002,1.0888514296277663,-0.417733367465587,,
2003,1.1467644081438948,-0.2691262362932889,,
2004,1.1459371665551998,-0.24239355039642874,,
2005,1.0890847936948376,-0.29090602173141633,,
2006,1.0660736945865779,-0.739758402385462,,
2007,1.0676436609666666,-0.5871288093222802,,
2008,1.0834151819731233,-0.684776788840594,,
2009,1.1680147412718043,-0.49063822977259974,,
2010,1.211208156697694,-0.43783950784248304,,
2011,1.312481370491298,-0.2230057366772371,,
2012,1.160317580795322,-0.4034177672731971,,
2013,1.2439306094324252,-0.36647364956172623,,
2014,1.383306546321137,-0.37164543804010464,,
