year,tas,rlut,rsut,rsdt
1970,0.20409796133884583,-0.5532520010162898,,
1971,0.12196183506949865,-0.7203854466391988,,
1972,0.20885214275000408,-0.6556103344147175,,
1973,0.37815013417184673,-0.4264931795320024,,
1974,0.17481212615768982,-1.0299031692462108,,
1975,0.2781497170898888,-0.8140802426575533,,
1976,0.3344560561690173,-0.5535331345263899,,
1977,0.2538556170844686,-0.6593380633544257,,
1978,0.4610664440521077,-0.46023222728248925,,
1979,0.2949688813707212,-0.6469371467627809,,
1980,0.2513395262788549,-0.821436182254871,,
1981,0.26793515586655303,-0.7827844534228063,,
1982,0.2751186042429481,-1.1123603534565802,,
1983,0.27560017812521664,-1.5035011615203473,,
1984,0.33384912291529645,-1.0370775955612714,,
1985,0.3173504681311101,-1.0663951487297538,,
1986,0.36888461444993936,-0.8194512205611204,,
1987,0.31848676948487764,-1.224634234167155,,
1988,0.35226225386679744,-0.9522496072102911,,
1989,0.32816401694657316,-1.3897953873948836,,
1990,0.5173322335569992,-0.6255072303475799,,
1991,0.3797530768177353,-1.4875027616249668,,
1992,0.15134344403026034,-2.7432348410726775,,
1993,0.3117201125486986,-1.8694909734496434,,
1994,0.31707766037868623,-1.379935938047936,,
1995,0.2970883312199817,-1.5117815448489864,,
1996,0.3969239138316425,-1.2713623544847223,,
1997,0.48292962894549873,-1.2667007878432628,,
1998,0.5921383295376472,-1.057245381831109,,
1999,0.5811334017060972,-0.9867224263778951,,
2000,0.7472627421680045,-0.6567789746362962,,
2001,0.722509841293288,-0.9104202062865454,,
2002,0.6925015281664173,-0.8222009068371392,,
2003,0.7266340931964805,-0.6987532162373782,,
2004,0.8392791284807686,-0.8367461242597187,,
2005,0.9520017347844032,-0.6235178298978212,,
2006,0.8437104366327617,-0.7273101038096002,,
2007,0.7668944721934281,-1.0627554736614684,,
2008,0.8844296742087749,-0.9011223006677085,,
2009,0.9245377506547356,-0.7911907750391265,,
2010,0.7617165151068548,-1.0002543918690492,,
2011,0.8191940677372713,-0.9591864027057397,,
2012,0.9019455413441619,-0.9480860293165847,,
2013,1.1372730171942749,-0.5746363226892583,,
2014,1.04200291949752,-0.8056573091903942,,
