,tas,rlut,rsut,rsdt
185002-185101,1.097292074723498,-3.9806728237307425,-2.499476290840022,-0.04450832182129716
185102-185201,1.811994431936796,-2.6836417090611064,-2.76817217789943,-0.04450832182129716
185202-185301,2.091819536446053,-2.0283613757096646,-2.6174899090267445,-0.012662776176227908
185302-185401,2.297798099733882,-1.4089086551774415,-2.706054546553659,-0.04450832182129716
185402-185501,2.4885861111347936,-1.373864148353391,-2.9273883322646554,-0.04450832182129716
