,tas,rlut,rsut,rsdt
185006-185105,0.9558429432218531,-4.272982470121889,-1.91533375597146,-0.04450832182129716
185106-185205,1.6382250580653022,-3.0149741680787656,-2.3906884820865457,-0.07083965050935603
185206-185305,2.0691683593582297,-2.090337071768346,-2.999093199814709,0.013827941208603534
185306-185405,2.422757253883219,-1.3990026694345659,-3.0664848054541807,-0.04450832182129716
185406-185505,2.5844495337633475,-0.9758960063597897,-2.9717013172601128,-0.04450832182129716
