,tas,rlut,rsut,rsdt
185011-185110,0.9478378260872091,-4.494896267789954,-2.3947105852315502,-0.04450832182129716
185111-185210,1.678357623075044,-2.9617910759759525,-2.7423072177198122,-0.029492510189470522
185211-185310,2.164496414499183,-2.03338323274329,-2.8004087571500804,-0.027632478947850814
185311-185410,2.3661821821521016,-1.5748326758524342,-2.6413511027997174,-0.04450832182129716
185411-185510,2.6997748222469795,-0.9561353050948469,-3.1468001850082743,-0.04450832182129716
