,tas,rlut,rsut,rsdt
185003-185102,1.1021023633696245,-4.0959724579521435,-2.278345475455197,-0.044508321821354
185103-185202,1.6978004515198677,-2.8958461063422476,-2.3481097636680914,-0.028196175489881625
185203-185302,2.144805017894271,-2.1449655640364256,-2.738840136828671,-0.028932365249261238
185303-185402,2.3765082506722024,-1.3148811659268347,-2.7294262946704606,-0.044508321821354
185403-185502,2.634300287463475,-1.4889816182808318,-3.041110067942057,-0.044508321821354
