,tas,rlut,rsut,rsdt
185008-185107,0.9777605116585733,-4.315680806597356,-2.1157729567489127,-0.04450832182129716
185108-185207,1.6893987918832636,-2.87682509062509,-2.561698953173007,-0.07146059062193899
185208-185307,2.0691091635901557,-2.20016666063637,-2.565282696877233,0.014450582527047118
185308-185407,2.349696942766684,-1.4223348880177014,-3.20028692597306,-0.04450832182129716
185408-185507,2.798615828996674,-0.9499094354279123,-3.4899114855364957,-0.04450832182129716
