,tas,rlut,rsut,rsdt
185012-185111,1.0119703915156038,-4.2472123456029465,-2.413466609017192,-0.04450832182129716
185112-185211,1.5986379586940984,-2.933749501714942,-1.8879550087319217,-0.01744902350276334
185212-185311,2.0873275244987326,-2.2510495325793443,-2.805006193064983,-0.039708961488429395
185312-185411,2.4047144435251084,-1.3942555038149749,-2.9214571880718125,-0.04450832182129716
185412-185511,2.690100728575601,-0.7648441962930974,-3.360222567311965,-0.04450832182129716
