year,tas,rlut,rsut,rsdt
1970,0.6006022290000033,-0.12259812037021334,,
1971,0.6185754867184983,-0.07618747272050541,,
1972,0.5782432150954264,0.01027549980119602,,
1973,0.5918763013901298,-0.38490040426938776,,
1974,0.7477154138937294,-0.0031683145307397353,,
1975,0.8646321073080685,0.038597000034911844,,
1976,0.606551845411559,-0.34156373976622945,,
1977,0.48758518069985257,-0.42511397528437556,,
1978,0.7359294313014857,-0.09682572623034957,,
1979,0.7454954867312722,-0.04500962421758459,,
1980,0.7981835197750229,-0.10232842685402943,,
1981,0.9066684666315723,0.05846670270179288,,
1982,0.8358818930261123,-0.001286959044705327,,
1983,0.632372237378263,-0.8411072960619492,,
1984,0.5611485576330892,-0.5737250526241837,,
1985,0.6537107725222313,-0.7449696727006483,,
1986,0.7633853554353891,-0.2697541873323246,,
1987,0.625430455028777,-0.7278913755342558,,
1988,0.7355647697509085,-0.5735973122280882,,
1989,0.8913291039934279,-0.20911476248460303,,
1990,0.749769243106357,-0.4979028808826058,,
1991,0.7049650521015565,-0.993106650328798,,
1992,0.606099337271587,-2.1952827242147634,,
1993,0.7513484943198705,-1.227395716349264,,
1994,0.6367266080585523,-0.9974782027364313,,
1995,0.6772949367854153,-1.158282746753457,,
1996,0.9033242751528405,-0.7227694590839633,,
1997,1.0031063961730524,-0.21056669842053566,,
1998,0.989612383237386,-0.4886661952199347,,
1999,1.067581621200759,-0.5883041562428275,,
2000,1.201501151479249,-0.040505932048887416,,
2001,1.2465554326825554,0.03300509597303858,,
2002,1.050568351126401,-0.4051580928167198,,
2003,1.0871879337838664,-0.49856992713878867,,
2004,1.3162885260574626,0.016844092844877423,,
2005,1.1386466351075342,-0.2774303401240843,,
2006,1.3505724180229777,0.09029138217726995,,
2007,1.252601813905983,-0.4558548309677235,,
2008,1.198754370809013,-0.30893578106881137,,
2009,1.2515315923685648,-0.4511337525590875,,
2010,1.2603385419576512,-0.26734710094353886,,
2011,1.3961870599287636,-0.07854827477760296,,
2012,1.2810671832830849,-0.3146648562832013,,
2013,1.4551098040536772,-0.19203654727670028,,
2014,1.5430705063579921,-0.01934805163580222,,
