year,tas,rlut,rsut,rsdt
1970,0.18882451709106363,-0.5753009911712468,,
1971,0.2260526322895089,-0.970695495915578,,
1972,0.42308403559462704,-0.5383473347778818,,
1973,0.20029625932124873,-0.5395769931210452,,
1974,0.2608702477337488,-0.859738214828667,,
1975,0.38210641716710825,-0.6605648279328307,,
1976,0.3641975108651536,-0.7542096522188331,,
1977,0.47409366698707345,-0.7202719162554558,,
1978,0.5798997753868207,-0.5062790101024461,,
1979,0.5484416139094606,-0.4700594813988346,,
1980,0.5456845674585225,-0.3801627618570649,,
1981,0.6375132864229158,-0.42791918344153146,,
1982,0.6623981146390179,-0.20856939084143278,,
1983,0.6830531694236015,-0.7201222348599572,,
1984,0.5638355287945274,-0.7239850866924087,,
1985,0.6152857164909733,-0.7468971999016389,,
1986,0.7101294329644361,-0.48171400109498563,,
1987,0.8577642108015198,-0.17644200549000288,,
1988,0.8427336776538255,-0.47054156646743195,,
1989,0.8915182146281495,-0.054828944093628706,,
1990,1.1238481437962378,-0.04131039697941219,,
1991,0.9479717976498705,-0.6438085500328725,,
1992,0.6124588390636632,-1.9936319308181396,,
1993,0.5921078481627546,-1.6046893617831586,,
1994,0.7095567912171532,-0.9724543694281067,,
1995,1.0188863611866736,-0.43273878114351305,,
1996,1.0313573400819678,-0.263364223231207,,
1997,0.9269507158699071,-0.35639894502648417,,
1998,1.039897448945851,-0.3405461731979358,,
1999,1.155601469597059,-0.17776588871456056,,
2000,1.1121285673005445,-0.1300851965109473,,
2001,1.0316635387262068,-0.2806025593644961,,
2002,1.0801307538472429,-0.2365679990551257,,
2003,1.1969362737416418,-0.2328825205120495,,
2004,1.296267957717987,0.05051611841165027,,
2005,1.3067667855463014,-0.21284234857841966,,
2006,1.4804980218099217,0.20142311867900276,,
2007,1.4073426953013382,-0.09278985774147941,,
2008,1.3303957339774115,-0.20475198093990343,,
2009,1.40906095545796,-0.21352317839023272,,
2010,1.4481451082994,-0.05184693246081906,,
2011,1.6039086722624347,0.04767273672857186,,
2012,1.537905388355,0.4166705350563973,,
2013,1.3242953076851336,-0.2651816494788477,,
2014,1.374874568993505,-0.18412234271974626,,
