year,tas,rlut,rsut,rsdt
1970,0.09829221714687719,-0.763630259222623,,
1971,0.08369123127926059,-0.9165008540522877,,
1972,0.23251448357365234,-0.6672338026822615,,
1973,0.16628700184503487,-0.7557805009196557,,
1974,0.061235893199580005,-0.975398796731298,,
1975,0.01835006151958396,-1.27667234367388,,
1976,0.2816412957595844,-1.0075414210887743,,
1977,0.3683087849304343,-0.48626600013543,,
1978,0.08717301389538079,-1.1330291484279371,,
1979,0.3562242852082136,-0.8034981072458436,,
1980,0.4865783284579379,-0.29687678078613544,,
1981,0.48896977576168865,-0.513861508793866,,
1982,0.483709907047853,-0.6998066368685159,,
1983,0.35072345550617,-1.1929861598310083,,
1984,0.22856461454216515,-1.1174503232466861,,
1985,0.2086397617767375,-1.3162899394021395,,
1986,0.30613371942303047,-1.2128365576227793,,
1987,0.35520025358266594,-1.0498468017746916,,
1988,0.3895170133902752,-1.0446710504066914,,
1989,0.5420192547275633,-0.8684863783725802,,
1990,0.6771700558500129,-0.5622221519337529,,
1991,0.5043027055266407,-1.3613480628723096,,
1992,0.2745746990170801,-2.5506815524116746,,
1993,0.4117888879395082,-1.9001942096930975,,
1994,0.32946223324086077,-1.4819859213563689,,
1995,0.5790607410487496,-1.2229705474427988,,
1996,0.5543382284830614,-1.212564638488118,,
1997,0.5975464917917179,-1.220416405853456,,
1998,0.5726069866289549,-1.0982141152052805,,
1999,0.8050385548551162,-0.5343929328212482,,
2000,0.6364476211630858,-1.01964124211284,,
2001,0.8453656414901047,-0.7136759420222063,,
2002,1.0013662637038578,-0.3604114947153221,,
2003,0.7872721647794947,-0.6428515349227837,,
2004,0.8832817744646491,-0.8762702663331368,,
2005,1.1204566549262722,-0.4846512085237862,,
2006,1.1277235166931519,-0.286279958719291,,
2007,0.9164650396187994,-0.8236610595274385,,
2008,0.928219864845687,-0.8095880247806235,,
2009,1.050968795873473,-0.6668117687177926,,
2010,1.1300071359075332,-0.36017160571464046,,
2011,0.9658215924388855,-0.7799511045451197,,
2012,1.11211034683663,-0.7607999180665672,,
2013,1.305213188907544,-0.2861751725387762,,
2014,1.3633908374521297,-0.12362204221489037,,
