year,tas,rlut,rsut,rsdt
1970,0.3212487788645717,-0.5044680248480802,,
1971,0.21068238655584537,-0.5792079904244645,,
1972,0.36549024685933773,-0.5953324914190432,,
1973,0.4569253658318644,-0.1932737781939693,,
1974,0.44675667549211084,-0.43441462877342474,,
1975,0.1966982752890658,-0.9601319340395946,,
1976,0.16284747605777738,-0.8613424397459255,,
1977,0.14338376421898147,-0.7187568279842935,,
1978,0.23219440231582666,-0.9647788627447653,,
1979,0.4346281797854772,-0.4450634996152587,,
1980,0.4002292505930427,-0.8415052697550607,,
1981,0.40054723290694483,-0.7550180097611303,,
1982,0.45932662730024276,-0.9179045741706489,,
1983,0.3985869713193324,-1.2092187138195811,,
1984,0.329499430100725,-0.8960548117148903,,
1985,0.3207453649616241,-1.0845607475728514,,
1986,0.3758470208635458,-1.2097890056577967,,
1987,0.6239283197963346,-0.6636371314212965,,
1988,0.5221076856415152,-0.8065100342765277,,
1989,0.5808223544094062,-0.858851621102616,,
1990,0.6374033322725268,-0.5801045601801604,,
1991,0.6913475132927829,-0.8471138652960519,,
1992,0.24889596715075868,-2.646497465179948,,
1993,0.2923327914523952,-2.197095355463233,,
1994,0.563107792922267,-0.9012721902003022,,
1995,0.7179598684749067,-1.0115526823766459,,
1996,0.8269835348514789,-0.5936894648598638,,
1997,0.7727952009310002,-0.5839767881156774,,
1998,0.8540140994028889,-0.646690188045767,,
1999,0.7682985043350641,-0.7040857001775578,,
2000,0.9086821143339421,-0.8534270068550427,,
2001,0.838143711944042,-0.5941335470431852,,
2002,0.7563883537882816,-0.8773803760096541,,
2003,0.7805264901814439,-0.9538460339124981,,
2004,0.9924783919948936,-0.5358700569661892,,
2005,1.088757024441918,-0.5295748351148291,,
2006,1.0473783586264744,-0.6421480543431812,,
2007,1.095825663909352,-0.4919876680391724,,
2008,1.2645179716978419,-0.280189373295201,,
2009,1.1672334101951947,-0.6257216068157163,,
2010,1.4201397595320486,-0.17790910838300533,,
2011,1.4450755001474818,0.16597342894957023,,
2012,1.1484741047664784,-0.653981136139663,,
2013,1.200529568377192,-0.31732024310719,,
2014,1.3535323715649383,-0.21666844645540095,,
