year,tas,rlut,rsut,rsdt
1970,0.26847338332305526,-0.6924088685279344,,
1971,0.24674015279106243,-0.5211056917595442,,
1972,0.23396976543034498,-0.96838412240308,,
1973,0.30330646884004864,-0.7796639702342247,,
1974,0.3765108136018398,-0.4682749654185159,,
1975,0.3282397150199472,-0.8676316152571246,,
1976,0.47504919322602746,-0.6021123445556782,,
1977,0.539714292008,-0.3045959226296304,,
1978,0.381545762226267,-0.6799738237913004,,
1979,0.46824385430358006,-0.5485376529628354,,
1980,0.5720320980670976,-0.47184374094624104,,
1981,0.6166084538022574,-0.3440471599216153,,
1982,0.5789210528645867,-0.5120578175032904,,
1983,0.5481728238095798,-0.7626813803083792,,
1984,0.5007003416264411,-0.7854307732922621,,
1985,0.4433004488793131,-1.0204267497983608,,
1986,0.5366009674775682,-0.8996377586397273,,
1987,0.614492308702097,-0.5110202272343258,,
1988,0.6263445565859911,-0.7245534041001633,,
1989,0.7340489689232754,-0.4665089676068135,,
1990,0.7518089905909164,-0.5237745372906488,,
1991,0.7086145426791859,-1.024331320560691,,
1992,0.4741378204246871,-2.2927067814391364,,
1993,0.5371713870726467,-1.7663397792138937,,
1994,0.6016618650057239,-1.0401093097527507,,
1995,0.7364076356811324,-0.8114528106953287,,
1996,0.6466832211442579,-0.9857098024785103,,
1997,0.8580439708827043,-0.6765904213087026,,
1998,0.8511643766588577,-0.5711157263304756,,
1999,0.912002193409478,-0.4310045538122438,,
2000,1.0703741838768224,-0.1949505956734754,,
2001,1.0759322279094476,-0.4002855506811329,,
2002,1.2475733514497165,-0.3069314944942789,,
2003,1.346808411465645,0.0022030069357867887,,
2004,1.3489048987969454,0.1308215087615281,,
2005,0.9359040168178581,-0.730025971400579,,
2006,1.1259365277042548,-0.5316289660044049,,
2007,1.1219691477323295,-0.5113791193778923,,
2008,1.292095379823877,-0.26600089233966173,,
2009,1.3677735617093276,-0.22945284778273844,,
2010,1.3327150592455723,-0.13922956944207954,,
2011,1.3392182210549208,-0.29785462795297235,,
2012,1.4335569662845273,0.0820912128452278,,
2013,1.347559065181997,-0.21176762765125545,,
2014,1.501864018595711,-0.2010949142140248,,
