year,tas,rlut,rsut,rsdt
1970,0.39115573350977684,-0.298054017243345,,
1971,0.20187251421214114,-0.6943026299374537,,
1972,0.25698965383156747,-0.7783833725439138,,
1973,0.23667550239639468,-0.6136305562085056,,
1974,0.283098056129802,-0.752504790808473,,
1975,0.1788813268790932,-0.8737213530295378,,
1976,0.1733697310834259,-0.9901718507013868,,
1977,0.3860327577502858,-0.5224806424201063,,
1978,0.3077599989783266,-0.6652515597475599,,
1979,0.46858039520890316,-0.38973349307849503,,
1980,0.42184402570791235,-0.7339563123524613,,
1981,0.5524191062707473,-0.5865015412902892,,
1982,0.5017006115879781,-0.5708494863145006,,
1983,0.3423126877690379,-1.2078665534600077,,
1984,0.40428038663532107,-0.991611949822385,,
1985,0.2757922062280045,-1.1560075146945508,,
1986,0.3130208128354752,-1.2386851668545376,,
1987,0.32934134344958466,-1.2142223603126183,,
1988,0.39150311720823083,-0.9414890850163431,,
1989,0.5674752804865193,-0.7146132464735899,,
1990,0.43677158712819164,-1.0399941309665337,,
1991,0.39639015766761077,-1.4361237941965896,,
1992,0.23460194231125797,-2.380365571843214,,
1993,0.1469917829449514,-2.1282869086842595,,
1994,0.17294865218644873,-1.7754587720719144,,
1995,0.28029733785092503,-1.5853439284467186,,
1996,0.4178574183511614,-1.2010590901235787,,
1997,0.5947990955360751,-1.0347684870417027,,
1998,0.4519026564747719,-1.1285969474653257,,
1999,0.5402705700415709,-1.051616117587713,,
2000,0.6084423941191517,-1.0406772152417432,,
2001,0.7412224063394319,-0.7748852560135049,,
2002,0.850962333665052,-0.7234945986362504,,
2003,0.8326419685853352,-0.7069983943580098,,
2004,0.8608611291841157,-0.4235218604288207,,
2005,0.8264817495344801,-0.8146301719338567,,
2006,0.7940863442242403,-0.8695965477007235,,
2007,0.9465473097486097,-0.9099910893805827,,
2008,0.929621640211451,-0.8245204468984184,,
2009,0.837639557890725,-1.0257762892899507,,
2010,1.0041701219221295,-0.6196557130656686,,
2011,1.0350047518716678,-0.5747547636677268,,
2012,0.9078019505950579,-0.9220199781057659,,
2013,1.111002069802396,-0.5752163357965117,,
2014,1.0324544084616036,-0.7571919887985246,,
