year,tas,rlut,rsut,rsdt
1970,0.32229071663226705,-0.4927692172295792,,
1971,0.48995532181146473,-0.3548872872966058,,
1972,0.6828881047976552,0.048887320291555625,,
1973,0.43507820003770803,-0.6687565533378859,,
1974,0.5106380940187591,-0.35353918420688046,,
1975,0.4667498724277266,-0.7994013072070345,,
1976,0.6984229715078527,-0.13723244352459574,,
1977,0.8046878554963541,0.03245181954119403,,
1978,0.5549161691174618,-0.3426075224205931,,
1979,0.7531784644106096,-0.20078880129341314,,
1980,0.8858187596778748,-0.037797111609762624,,
1981,0.9484047114933105,0.2633407761980777,,
1982,0.8050198574343881,-0.15526361876433725,,
1983,0.5641121270326153,-0.9874225405055768,,
1984,0.6488422512348393,-0.6890478988024711,,
1985,0.7761951603875445,-0.5117833666142246,,
1986,0.8436136428867371,-0.31269536865193004,,
1987,0.7065567044508612,-0.5634789480494646,,
1988,0.722691034333593,-0.597427809006291,,
1989,0.9488567613217356,-0.4267731449076848,,
1990,0.9824233400133835,-0.11449689005092978,,
1991,0.8674725548784181,-0.837699790486738,,
1992,0.5958800774924953,-2.0135431346074313,,
1993,0.6384142047527916,-1.6134582050082145,,
1994,0.7968313567844802,-0.7914546827519757,,
1995,0.9580699525699856,-0.6854674458691079,,
1996,0.9250174681374688,-0.38215549183360054,,
1997,0.8297368484027174,-0.7313096999876336,,
1998,0.8956142980039772,-0.6597615905416205,,
1999,1.206013567489947,-0.15255965851125097,,
2000,1.144641380567748,-0.11830540973403458,,
2001,1.1140210354763553,-0.2962780920645969,,
2002,1.1584575556954633,-0.1135136589516037,,
2003,1.2757745639100335,-0.14376645950241596,,
2004,1.2976671868329959,-0.08867361736074031,,
2005,1.139130000406226,-0.15932545298164769,,
2006,1.1421446257181742,-0.47984876251203445,,
2007,1.2814691951060695,-0.25686561302441646,,
2008,1.2008839537009521,-0.15141390766299878,,
2009,1.1602687290901486,-0.4670746322283037,,
2010,1.3158905629217088,-0.6042482973472829,,
2011,1.456883222246745,0.05659087902864712,,
2012,1.3132834535971938,-0.2003890997339397,,
2013,1.2994764296991548,-0.32743727867367056,,
2014,1.4523461165479148,0.03460057335530564,,
