year,tas,rlut,rsut,rsdt
1970,0.5135903512986033,-0.28906268637868493,,
1971,0.6280648545267127,-0.03385137637491198,,
1972,0.7012980123646457,0.07744535445161205,,
1973,0.8433518443830508,0.28924817163672856,,
1974,0.5741141258810671,-0.30676367735722465,,
1975,0.4877454824077745,-0.4225614638430102,,
1976,0.6323782061064662,-0.23668788225478465,,
1977,0.5430841524119501,-0.30522139380755675,,
1978,0.6688719317618279,-0.329235138308519,,
1979,0.6283734769175453,-0.2831221069451715,,
1980,0.6552835054582715,-0.3486882894956409,,
1981,0.717807402160588,-0.0010845029922279537,,
1982,0.6634343054217311,-0.4906301892131921,,
1983,0.4624969274029809,-1.1664938666119156,,
1984,0.6277413011638941,-0.8333336815064172,,
1985,0.6737721168900066,-0.49045668743076476,,
1986,0.5560767301269038,-0.605213460421794,,
1987,0.6671489564865851,-0.5653834416423251,,
1988,0.7164360652453183,-0.6037776318646593,,
1989,0.8250052740461342,-0.4639120894890141,,
1990,0.917536980618479,-0.33207527766504086,,
1991,0.8138103576800972,-0.7931138247587626,,
1992,0.5172214223916285,-2.328263893968483,,
1993,0.6119757172582467,-1.5709946113022681,,
1994,0.6607942358497212,-0.9052403444848949,,
1995,0.5286637835976649,-1.2497146434445483,,
1996,0.6773576601646596,-0.7590447574524148,,
1997,0.8841747116849206,-0.6896670445937048,,
1998,1.0181121229089172,-0.49365879190193596,,
1999,0.9696675421226928,-0.4850043096842569,,
2000,1.039839900033769,-0.3295963151345518,,
2001,1.1838206807390748,-0.08512548875802395,,
2002,1.0420317518523348,-0.4679647395454367,,
2003,0.9772295254701362,-0.5711829853011636,,
2004,1.1269257929307628,-0.20201908578093253,,
2005,1.0756141197774127,-0.5341403592208849,,
2006,1.257241752088305,-0.42134608818693664,,
2007,1.1451802955805306,-0.17686506089034992,,
2008,1.2033412060727642,-0.3470969663495964,,
2009,1.1938223274920006,-0.47306720176581507,,
2010,1.4139371792174984,-0.0710281504138095,,
2011,1.393871247420634,-0.19953972168462997,,
2012,1.383099399565424,-0.04001829367874166,,
2013,1.4126556247795747,-0.16119364405545866,,
2014,1.5283271381496206,0.11659198732576215,,
