year,tas,rlut,rsut,rsdt
1970,0.05978209298979209,-0.9295806341241075,,
1971,0.18705640578832572,-0.9981412749160938,,
1972,0.36944429720045946,-0.4097060726304278,,
1973,0.05664100410666606,-1.1063117384273937,,
1974,0.15734878479622694,-0.9826174371069669,,
1975,0.36826124901659796,-0.9656744493852614,,
1976,0.6439599039115365,-0.3626448399944877,,
1977,0.668316449282429,-0.1674645128501311,,
1978,0.567318480125607,-0.4064334860907479,,
1979,0.6745163262194183,-0.1668312105050802,,
1980,0.6137594931717558,-0.2499339819746922,,
1981,0.6154976985843632,-0.27462563232555226,,
1982,0.5172759644610778,-0.6344662038630986,,
1983,0.3666596893373253,-1.1551858409559088,,
1984,0.47209250779781087,-0.8896994257926849,,
1985,0.6088236430237544,-0.639732473904246,,
1986,0.4613532956325912,-0.7929444266762857,,
1987,0.5749437695736219,-0.9095829000172273,,
1988,0.6780279658385666,-0.626689533306461,,
1989,0.8563980107872453,-0.3712769308158954,,
1990,0.7989949982151074,-0.35123513663256745,,
1991,0.8406887802642018,-0.7526585991453771,,
1992,0.5740576063123513,-2.18593872460616,,
1993,0.7317641865485598,-1.4853721022236925,,
1994,0.7094110900168857,-1.0348288024437409,,
1995,0.8774930808015142,-0.7122021706057069,,
1996,0.8573193491606048,-0.78672418965769,,
1997,1.0016135846103111,-0.3420756034786905,,
1998,1.0220998844998803,-0.32374293187774583,,
1999,0.9828130973083375,-0.3417436515058512,,
2000,1.0550925930022572,-0.5858730172972457,,
2001,1.3110522393729411,0.05597479839104835,,
2002,1.30505492372464,-0.11133023368012118,,
2003,1.2424518357666443,-0.14037983705023294,,
2004,1.4109688992142537,-0.042012229264543066,,
2005,1.2935066678294902,-0.1608578064486892,,
2006,1.4638019584517679,0.17832201938514913,,
2007,1.4072165980358022,-0.20513031285992156,,
2008,1.4906179776642148,0.1646729143728578,,
2009,1.411254405303339,-0.0761561217941562,,
2010,1.4318237433531067,0.045157053238170874,,
2011,1.3312406002814896,-0.2187056627139441,,
2012,1.3533376055822828,-0.050944888766906615,,
2013,1.412052287458721,-0.2582440926654215,,
2014,1.6785503252632452,0.04021363858493032,,
