year,tas,rlut,rsut,rsdt
1970,0.05911683040937987,-0.8852260915346335,,
1971,0.09810635755587782,-0.8943029401847866,,
1972,0.19530002163213567,-0.6532898213180545,,
1973,0.2749806089362892,-0.6606214385939779,,
1974,0.3017739318439112,-0.680022670278305,,
1975,0.2253089227921805,-0.9889825519765623,,
1976,0.23004152675753176,-0.6701290782237947,,
1977,0.11221830442912051,-1.1043002613897954,,
1978,0.17042509929603966,-0.920645609042225,,
1979,0.41287149364080733,-0.5998247975634854,,
1980,0.29192317068685725,-0.6741627512717514,,
1981,0.3157171353151398,-0.8584123394714425,,
1982,0.33593950129255745,-0.8747127963536343,,
1983,0.21866440940362963,-1.556806513096035,,
1984,0.24495528813690726,-1.034785286509333,,
1985,0.30704337195095377,-1.044833874188413,,
1986,0.3527819199778719,-0.9634027769898807,,
1987,0.44145826302894875,-0.8867375036325598,,
1988,0.5680369518751149,-0.7323692418711971,,
1989,0.5569512858144208,-0.647087975909983,,
1990,0.5009162234136397,-0.8202999644882141,,
1991,0.48801494269298473,-1.316349084554389,,
1992,0.3642546966631812,-2.5270528729130035,,
1993,0.3028669459949356,-1.9486952342429902,,
1994,0.26345565367392965,-1.9009829355233592,,
1995,0.4462525726826243,-1.332042061891599,,
1996,0.5463290257345648,-1.165023264328596,,
1997,0.7683225152371165,-0.6628486455837788,,
1998,0.6154592792011044,-0.9399320680533663,,
1999,0.6815113013346945,-0.9332136607195309,,
2000,0.8123645749922161,-0.8841333814679899,,
2001,0.8685154758668432,-0.4141042503879362,,
2002,0.7711066727501361,-0.6177765269643487,,
2003,0.8559901194566919,-0.8016620758240265,,
2004,0.8596468614965147,-0.7635497295115101,,
2005,0.8155951229588823,-1.008759735053502,,
2006,1.021590961907691,-0.6485466767812795,,
2007,0.9211537815286874,-0.6115215907776417,,
2008,0.8155371913799172,-0.8328039527534372,,
2009,0.8820681402130504,-1.0593170120358195,,
2010,0.9700419461310616,-0.5700668762312944,,
2011,1.01731128873206,-0.8467078975682512,,
2012,1.1117797184610367,-0.44151249938531123,,
2013,1.052417443046238,-0.8045013194300168,,
2014,1.0804437860874714,-0.5276536150246613,,
