year,tas,rlut,rsut,rsdt
1970,0.12245670502363737,-0.8336525386133928,,
1971,0.48457977177673683,-0.2057115870397297,,
1972,0.3776179959206729,-0.4570890120480442,,
1973,0.3108829408680549,-0.5493047302778109,,
1974,0.2655098762939474,-0.7372468180247722,,
1975,0.22897021124839512,-0.8722784848748404,,
1976,0.2947041472680212,-0.7343713849218716,,
1977,0.4025988356495418,-0.4430619817387367,,
1978,0.2496487391436517,-0.7807454278277817,,
1979,0.2464296421537142,-0.9663245919425663,,
1980,0.3643388983683167,-0.7522718536333457,,
1981,0.29766081958575796,-0.7268097306872505,,
1982,0.3056445848289968,-1.023810520200243,,
1983,0.24740878392691457,-1.4021638143992448,,
1984,0.3650094023938095,-1.0268719031042224,,
1985,0.40692355925341417,-0.8472990482086402,,
1986,0.3727240171370454,-1.0371143306522868,,
1987,0.444469022482906,-0.8684813970875211,,
1988,0.5150063264827622,-0.697520303471947,,
1989,0.6579040227456971,-0.8118267830387538,,
1990,0.6512771474758097,-0.6096987282790849,,
1991,0.7163631374712622,-0.9123809425431659,,
1992,0.33425590281666473,-2.2341457388286585,,
1993,0.2368879064298426,-1.8490629568057102,,
1994,0.23114624337478062,-1.6130000747427573,,
1995,0.27875341839234125,-1.7160697614482672,,
1996,0.4122601822305114,-1.221611778630006,,
1997,0.3939995757553447,-1.1355793407191186,,
1998,0.5254703065875788,-1.1895605124042277,,
1999,0.710496062151833,-0.6344273675028944,,
2000,0.574042053527819,-1.1600157412364922,,
2001,0.6931892513817957,-0.8748685217805985,,
2002,0.8338036525946677,-0.71480278107245,,
2003,1.0809068301184084,-0.3618924419204461,,
2004,0.973954682653698,-0.5842596222842076,,
2005,0.9920615584363759,-0.6664742262780123,,
2006,0.8246631230620665,-0.7663890792528889,,
2007,0.8013543043928735,-1.0110320743988837,,
2008,1.060091361047455,-0.7604572517616361,,
2009,0.9751717865856904,-0.6578677110500735,,
2010,1.0803061703016397,-0.6754598059982015,,
2011,1.0939810771990892,-0.38610775309427936,,
2012,1.1207540230566337,-0.40479783092359867,,
2013,1.0578440490556886,-0.6696475330327303,,
2014,1.1695321779175174,-0.46984853971835605,,
