year,tas,rlut,rsut,rsdt
1970,0.8917102558915531,0.6353770850260219,,
1971,0.5398047514597692,-0.2753255603010416,,
1972,0.49088979588356096,-0.1910678277618274,,
1973,0.6507883190255939,-0.02397184368192029,,
1974,0.8108749817261014,0.33120419540395574,,
1975,0.662544845992727,-0.23648845234342275,,
1976,0.685421091929129,-0.2502619128671313,,
1977,0.7458509659833226,-0.01247387141754075,,
1978,0.6318106402771946,-0.4277446092613957,,
1979,0.7211074615379403,-0.2844688683775587,,
1980,0.8704516764477148,0.010828376416412766,,
1981,0.9336839389948182,0.23358975989603437,,
1982,0.7300248183777853,-0.2978123278351177,,
1983,0.5645100770296381,-0.9010729874368053,,
1984,0.459347211230579,-0.7621908357276652,,
1985,0.6446299928941812,-0.8218329182371065,,
1986,0.9221421300477459,-0.22494968198756737,,
1987,0.7935088388625786,-0.5357418596614991,,
1988,0.7298666185762954,-0.481458217612186,,
1989,0.8759378044342725,-0.28708732279989135,,
1990,0.7644682465951291,-0.5385916446487613,,
1991,1.0342967930687337,-0.5301015536290663,,
1992,0.5318770555430774,-2.0867654756770264,,
1993,0.5181798847173127,-1.6938517151264136,,
1994,0.6339513614624366,-0.9435512601045275,,
1995,0.694567033976,-0.8166971448357572,,
1996,0.7378983469363334,-0.9740558836682851,,
1997,0.9187161186776507,-0.5086426949968086,,
1998,1.0397290729658266,-0.4874499753557302,,
1999,1.1665219245055596,0.0742432748481292,,
2000,0.8685535591531561,-0.5457803171668729,,
2001,0.8444403002882837,-0.6683288237705938,,
2002,1.0265103173398984,-0.37101977698608835,,
2003,1.0175864956589749,-0.5527235997211619,,
2004,0.988662974733586,-0.5667262335418286,,
2005,1.172438017950867,-0.4983472210827813,,
2006,1.2841157992371564,-0.0023492361655712557,,
2007,0.9094501825978796,-0.6052041631112104,,
2008,0.8065987395809202,-0.9640468098746453,,
2009,0.9563426487810034,-0.8198850462435416,,
2010,1.0313438026251447,-0.5394289773381331,,
2011,1.0316837835367778,-0.7429850275071317,,
2012,1.1052468915892177,-0.42143125841903384,,
2013,1.1160742524137959,-0.4591517333194872,,
2014,1.177848081662944,-0.28889841427979945,,
