year,tas,rlut,rsut,rsdt
1970,0.3133448581596099,-0.5158310232892234,,
1971,0.26477966041312584,-0.6447470500954466,,
1972,0.24471975509794675,-0.6901121434443098,,
1973,0.34837640001330783,-0.3596807058654008,,
1974,0.11349451446096737,-0.983407897300026,,
1975,0.15840598152681196,-0.9275488314690676,,
1976,0.23118385699586952,-0.9412631980935657,,
1977,0.11489476476003802,-0.911368606535433,,
1978,0.1949965034762613,-0.7917018353340666,,
1979,0.26553781955755085,-0.941310756837936,,
1980,0.25515014265340596,-0.8288825554164418,,
1981,0.23651345630014475,-0.8865710715965065,,
1982,0.21414921125858655,-1.1814604115372447,,
1983,0.09908996230421963,-1.8419319731501673,,
1984,0.28828033539366515,-1.2209782767601212,,
1985,0.34039883436184937,-1.1899505259682996,,
1986,0.40182095129046047,-1.0310556336958143,,
1987,0.5681915205101404,-0.7922087153575603,,
1988,0.4322166603677715,-0.9561856158510693,,
1989,0.46006668675892115,-0.7886145616596139,,
1990,0.4547375223532981,-1.0778748612536617,,
1991,0.5203456143278231,-1.2699703343824353,,
1992,0.25321698066539966,-2.731236647152315,,
1993,0.4903093089571371,-1.5545552336766946,,
1994,0.27549926146912185,-1.7387859562558674,,
1995,0.3904791347604828,-1.3730731481047087,,
1996,0.609344258088754,-1.1177466126112847,,
1997,0.6866324022929007,-0.9485839296830534,,
1998,0.5378005276553495,-0.9925639537894426,,
1999,0.6434311634117194,-1.0219386723360344,,
2000,0.8537853482498008,-0.7444559269145543,,
2001,0.8216601878951906,-0.45218146858300656,,
2002,0.7446070465708203,-1.1958098331948008,,
2003,0.8706669141524799,-0.644323680760607,,
2004,0.7236374678116704,-1.051903177223835,,
2005,0.7925566503703294,-0.7896746585345795,,
2006,0.8846798654323038,-0.8195963917378322,,
2007,0.9906259601590364,-0.711283258327569,,
2008,1.061617623723862,-0.5294962408705999,,
2009,0.8717483918198354,-0.8943489133172875,,
2010,0.8860810517722939,-1.0058204293020765,,
2011,0.9411889749266606,-0.7776026094196027,,
2012,1.0014416435789144,-0.6176527455317569,,
2013,1.0893962499936833,-0.4328653074340991,,
2014,1.207041114582239,-0.4634144015075492,,
