year,tas,rlut,rsut,rsdt
1970,0.10891095087748681,-0.6965085883984159,,
1971,0.1679985691436059,-0.8032213592138078,,
1972,0.3049039156008462,-0.6132564595480972,,
1973,0.35668012560728357,-0.6089725617130171,,
1974,0.3906108936495798,-0.4848678935397004,,
1975,0.2573243434244432,-1.042418380058166,,
1976,0.41985384863818354,-0.5878163792299915,,
1977,0.4921466632125089,-0.4051635458327212,,
1978,0.4437530211338867,-0.7350910601304861,,
1979,0.4667711448249179,-0.4508155897643462,,
1980,0.4305054039635934,-0.738782150714826,,
1981,0.5397638698934202,-0.435312583343773,,
1982,0.44691412887880233,-0.7830311917998927,,
1983,0.5516190855237824,-1.0394213917560933,,
1984,0.5090978104802844,-0.8890924588659175,,
1985,0.5429381472443424,-0.7886972404492667,,
1986,0.6609379663959203,-0.5587924394450852,,
1987,0.6821006305877972,-0.7748394663487375,,
1988,0.7416713540823139,-0.41427853667329373,,
1989,0.7596421673429745,-0.5440663570324773,,
1990,0.9520789574138462,-0.39257902794716415,,
1991,0.9661340944650192,-0.5370441348055692,,
1992,0.6583504731426046,-1.8975743849490243,,
1993,0.6335342578749419,-1.3363281411009496,,
1994,0.7797362843935502,-0.8109624774122892,,
1995,0.7344285357933131,-0.7097726783441374,,
1996,0.9348864396379781,-0.5345442393198141,,
1997,0.8643565656373084,-0.5313604799615632,,
1998,1.0008035489667009,-0.5567745837119276,,
1999,1.1819813673631643,-0.21515905749276953,,
2000,1.1159354027319637,-0.22617097607570713,,
2001,1.126646342940262,-0.24988859484321324,,
2002,1.3913557261725487,0.32506448020066614,,
2003,1.3602198541042867,0.0626605962619351,,
2004,1.3442240950889186,0.15137685909155607,,
2005,1.3179166430871874,-0.03257608608356577,,
2006,1.428013282397444,0.04566266077847558,,
2007,1.2411462642953666,-0.40997079156258565,,
2008,1.1194354482462927,-0.6826750422738996,,
2009,1.2699088739885838,-0.5594838880498685,,
2010,1.5421483890895615,0.14395456756309954,,
2011,1.3215276457130471,-0.16259267901580188,,
2012,1.292295876788387,-0.4858575192718888,,
2013,1.580799982105475,0.04821725611284933,,
2014,1.7168533107325175,0.5928997627898411,,
