year,tas,rlut,rsut,rsdt
1970,0.6293066129045428,-0.020908198771820707,,
1971,0.710268961710824,0.04111955203026696,,
1972,0.5065680025634265,-0.23489725492058255,,
1973,0.6078859278945856,-0.17170550068314583,,
1974,0.6635086340192515,-0.3164236731144001,,
1975,0.7406596839270492,-0.050546062075767395,,
1976,0.5887636437096262,-0.44571153050765133,,
1977,0.7922850557481524,0.08876375440411266,,
1978,0.716251270183875,-0.11681636671397655,,
1979,0.8125417289919596,0.18116062744752526,,
1980,0.9267646108489203,0.07511811343653108,,
1981,1.0629587472129174,0.17985666268390332,,
1982,1.151322767804345,0.47658575929258973,,
1983,0.795782956073765,-0.48835896843380056,,
1984,0.6507485317009696,-0.49468049498668165,,
1985,0.7675678330930396,-0.6261609973537361,,
1986,1.064666442244004,0.09815554023762729,,
1987,0.8655051794904693,-0.2261747538133818,,
1988,0.8988173914310664,-0.375963131938164,,
1989,0.8606256643432744,-0.2981337615333075,,
1990,1.0393729542503252,-0.18887196153329455,,
1991,1.180660016432853,-0.2176971020533358,,
1992,0.6680588618612546,-1.8202369218873287,,
1993,0.7022255181572064,-1.3731475223353584,,
1994,0.9522828741416447,-0.7346795927292931,,
1995,1.097200631921794,-0.05058789362615812,,
1996,0.9957352681703924,-0.2853026728480472,,
1997,1.1032946176040923,-0.16051068861838758,,
1998,1.2337469727376629,-0.17487423810447922,,
1999,1.22940799944098,-0.03007003746859027,,
2000,1.1587514713340852,-0.11740973644941732,,
2001,1.287374272925092,-0.1798257168174473,,
2002,1.4350963070535272,0.15185876672492782,,
2003,1.5344205285037447,0.41612224710215173,,
2004,1.5326978092525678,0.08720350669656796,,
2005,1.5860736786698908,0.4787981677576454,,
2006,1.3392952319607048,-0.13626107618060246,,
2007,1.304875313420041,-0.28871964333481515,,
2008,1.4775467435364362,0.2371202309676903,,
2009,1.3543702241768187,-0.5128846734693866,,
2010,1.4874543572700532,-0.14652790601448373,,
2011,1.4188778948770846,0.11546366809585606,,
2012,1.367770090611316,0.01622345771977507,,
2013,1.410068500033617,-0.1190072932714088,,
2014,1.446454676289477,-0.16942878421858154,,
