year,tas,rlut,rsut,rsdt
1970,0.7401675253047983,0.36365326671312914,,
1971,0.5057829539663317,-0.35981482091497696,,
1972,0.5266759138053771,-0.31382087335069286,,
1973,0.6369163290349888,-0.08084533477693867,,
1974,0.7737436593242251,0.11908513085867867,,
1975,0.6963627338863034,-0.2498120800869401,,
1976,0.7149108475774142,0.05332943801349188,,
1977,0.5535955191678568,-0.3283404925368245,,
1978,0.5524702047879373,-0.4539791137191571,,
1979,0.7326894277024962,-0.10222424000920682,,
1980,0.8161173060898932,0.1842598003053979,,
1981,0.566605412111187,-0.5310521154961805,,
1982,0.6378456222017803,-0.4856224098116684,,
1983,0.6105873426701578,-0.8962330818223734,,
1984,0.7003762443317783,-0.5082433384585272,,
1985,0.6198083476481884,-0.6429788656856203,,
1986,0.6460055604681543,-0.6379275244289033,,
1987,0.7939925479580552,-0.3122864015523703,,
1988,0.5791207285105315,-0.7978309276999767,,
1989,0.8109207177279814,-0.26682602183956305,,
1990,0.7866995017648719,-0.3816777310449595,,
1991,0.7137511775375174,-1.0191147420595996,,
1992,0.5437735418558987,-2.359293840153015,,
1993,0.6084515058010425,-1.3077186297407764,,
1994,0.528716542691825,-1.3027063319795786,,
1995,0.649819962308527,-0.8932120018556873,,
1996,0.6614663104708711,-0.9683859635591716,,
1997,0.7400096085668793,-0.8231170642451673,,
1998,0.9041762114275116,-0.443231318324365,,
1999,1.075485940875069,-0.39042602742512145,,
2000,1.2476638215588878,-0.1126981572714385,,
2001,1.1778907350475833,-0.09083756246891994,,
2002,1.133925456044551,-0.1791631103126008,,
2003,1.197604226839303,-0.15653808624401222,,
2004,1.148706861661367,-0.3663428899432404,,
2005,1.3531607451713512,-0.14952218731920652,,
2006,1.3674313311047968,-0.05504124620352968,,
2007,1.2696077622413213,-0.3565384453974616,,
2008,1.2085123453608162,-0.3704013265668209,,
2009,1.378062628126429,-0.4056294829361491,,
2010,1.3153933525244952,-0.22789326115287167,,
2011,1.3505215389428145,-0.20035399178146918,,
2012,1.2922510696769791,-0.2639067992694777,,
2013,1.4293355477959153,-0.1127924746245128,,
2014,1.3644444138947733,-0.22283483154186,,
