year,tas,rlut,rsut,rsdt
1970,0.30527555781714,-0.5742629839890014,,
1971,0.22508572954689043,-0.5930444381475866,,
1972,0.20404212878196404,-0.8256922060585055,,
1973,0.4527672898602759,-0.29832419233119367,,
1974,0.3059574912523999,-0.7435249481384574,,
1975,0.33630809989352883,-0.8192610903603281,,
1976,0.3764829292250056,-0.7622999254727745,,
1977,0.5101000571654026,-0.3916337376564627,,
1978,0.5197058217008816,-0.3848136461228364,,
1979,0.44137792892826155,-0.5112948506908879,,
1980,0.43523494454422007,-0.4649361154342273,,
1981,0.4525050851621586,-0.6803478593550096,,
1982,0.5694251459390784,-0.5072131233705477,,
1983,0.6149505328789928,-0.924037663091184,,
1984,0.5568978973020648,-0.7710180384089824,,
1985,0.6258233192968987,-0.6916182903330537,,
1986,0.7084430898119649,-0.515486759733875,,
1987,0.6982363097249049,-0.23731147130689578,,
1988,0.48303676464166756,-1.0842680058297844,,
1989,0.6412146989149505,-0.6556479869681198,,
1990,0.7161286883953153,-0.6242333586401401,,
1991,0.7342034693290316,-0.8901926469004025,,
1992,0.3127762870941524,-2.305410688367658,,
1993,0.43794692836513605,-1.7515224144864874,,
1994,0.6051629247219239,-1.2735204107893594,,
1995,0.8109331471558789,-0.7519814222812329,,
1996,0.7903715006406742,-0.6623408426641504,,
1997,0.7812343427075348,-0.5627250993800317,,
1998,0.9408522997292152,-0.5609898394948232,,
1999,0.9244086494397266,-0.23112848444674228,,
2000,0.9906065606999732,-0.63530741826699,,
2001,1.2247380875688236,-0.1524500659701289,,
2002,1.235741529943482,0.020284890700850156,,
2003,1.354368950877813,-0.14357857650227857,,
2004,1.2370644462693008,-0.013489782144944229,,
2005,1.1361345744808204,-0.4436245699732808,,
2006,1.2931877755696064,-0.12407525645795658,,
2007,1.3654813646847401,-0.1468437012900381,,
2008,1.2262343629698762,-0.28823708863257025,,
2009,1.1307537502132163,-0.41903748667303375,,
2010,1.3824636564571051,-0.23440118818476208,,
2011,1.3301061754077068,-0.03266646633241521,,
2012,1.4599791361255257,-0.23279411652811177,,
2013,1.6065918683011091,0.14879995132815793,,
2014,1.691798879866269,0.31213062132479763,,
