,tas,rlut,rsut,rsdt
185005-185104,1.3464302895708329,-4.204627644237149,-2.64375646897615,0.0036829821326023193
185105-185204,2.0988534243313666,-3.15854473229453,-2.8200376141725485,-0.011001376758315473
185205-185304,2.783816319802213,-1.9604407269783621,-3.228028881705356,0.003752562819784089
185305-185404,3.2681214172034174,-1.2071975792102592,-3.3650446251559174,0.0037206325404213203
185405-185504,3.383542738919573,-0.761081707301031,-3.651788699453789,0.003682013476918655
185505-185604,3.5206526178566833,-0.8438399466743078,-3.9803670854407898,-0.011002345413999137
185605-185704,3.9746269979610247,-0.16554532782052434,-3.798198705491515,0.0037515941641004247
185705-185804,4.063334485933694,0.1085305819472353,-4.051159799902621,0.003719663884737656
185805-185904,3.9909273047335887,-0.03991397596473689,-4.012989407029082,0.0036810448211781477
