,tas,rlut,rsut,rsdt
185011-185110,1.3824814989030187,-4.023965881006717,-2.93397677662675,-0.0033527827967532176
185111-185210,2.2147086569453904,-2.7020439545131865,-3.2616634906774067,0.010247612659554761
185211-185310,2.946887792806308,-1.6993616755818266,-3.3340939577233684,-0.003411375937730554
185311-185410,3.2539442881633818,-1.0105497052403791,-3.492517029740384,-0.0033868695999785814
185411-185510,3.3528183101417426,-1.149125839899483,-3.9293401153022103,-0.0033537514524368817
185511-185610,3.685785984675988,-0.7027058200840486,-3.8791273338438685,0.010246644003871097
185611-185710,3.7156359341768166,-0.5593327432073636,-3.938056251109032,-0.0034123445934142183
185711-185810,3.9873952134058186,-0.1165164485669834,-4.128737155692434,-0.0033878382556622455
185811-185910,4.237351480675386,0.2540168720393865,-4.056492569987924,-0.003354720108177389
