,tas,rlut,rsut,rsdt
185009-185108,1.349902772523933,-3.9454748714392736,-3.100819956346129,-0.007888877181073894
185109-185208,2.217116882731432,-2.4417904887690156,-2.741050926880419,0.023986917342142533
185209-185308,2.5397731458839985,-2.024450825817098,-2.9847884435551464,-0.007888924602525549
185309-185408,2.9867421828287775,-1.122183753809992,-3.477211481857452,-0.007888948313222954
185409-185508,3.282814337415971,-0.5997872036618048,-3.2359791915397693,-0.007888972023977203
