,tas,rlut,rsut,rsdt
185005-185104,1.2677126879817138,-3.841479987244611,-3.143040556341134,-0.007888853470319646
185105-185204,2.2127621174061005,-2.605154527057948,-2.810521491005403,0.023986941052669408
185205-185304,2.7823786353731634,-1.5617954709994706,-3.2297532427019746,-0.0078889008917713
185305-185404,3.017061629804118,-0.9835554735188339,-3.292377308234336,-0.007888924602525549
185405-185504,3.3046455499627996,-0.7224352939026062,-3.407602161203812,-0.007888948313222954
