,tas,rlut,rsut,rsdt
185010-185109,1.4663109455493668,-3.8839564087225824,-3.0717621635780574,-0.007888877181187581
185110-185209,2.1572905894532255,-2.543741962818018,-2.6546469290109656,0.023986917342142533
185210-185309,2.6004760367763993,-1.687405746755644,-3.2441685019482662,-0.007888924602639236
185310-185409,2.7820826921127946,-1.5340500751124182,-3.06048285335919,-0.007888948313336641
185410-185509,3.2343135447949862,-0.8986579696613717,-3.8409481012345026,-0.00788897202409089
