,tas,rlut,rsut,rsdt
185003-185102,1.3207954650310967,-4.0085758090954755,-3.1227722441220465,-0.007888853470319646
185103-185202,2.243234419452108,-2.432247807787718,-2.8063534652225712,0.02398694105283994
185203-185302,2.5134603288394715,-1.6246281544059968,-2.748892090993678,-0.0078889008917713
185303-185402,2.8252063115517103,-1.1988189865352297,-3.87733003107121,-0.007888924602525549
185403-185502,3.375998992011205,-0.6656678328311898,-3.9263677335296734,-0.007888948313222954
