,tas,rlut,rsut,rsdt
185002-185101,1.3720546286655235,-3.7403758779899476,-3.704177047672431,-0.007888853470433332
185102-185201,2.282941520651036,-2.581042732499924,-2.7557557565588127,-0.004011388953415462
185202-185301,2.799135458764624,-1.6122492563524133,-3.065089990047497,0.02012002334436147
185302-185401,3.055284938210491,-1.1417830543862237,-2.8527229762432285,-0.007888924602639236
185402-185501,3.0645386799124026,-1.0227553104239178,-3.500572269863113,-0.007888948313336641
