,tas,rlut,rsut,rsdt
185004-185103,1.4175288300247075,-3.814400235197809,-3.23156920774845,-0.007888853470433332
185104-185203,2.102285566245996,-2.5494285538973713,-2.2335357722314058,0.02398694105283994
185204-185303,2.4193319108708238,-1.833905414546166,-3.0284626208792105,-0.007888900891884987
185304-185403,2.879053282201255,-1.3807095212365823,-3.285590198859367,-0.007888924602639236
185404-185503,3.172127105640243,-1.0206707508133945,-3.3628690562367325,-0.007888948313336641
