,tas,rlut,rsut,rsdt
185007-185106,1.3166115468750377,-4.011564525116427,-2.8742015328032835,-0.007888853470319646
185107-185206,2.2283499293191085,-2.4869722874212243,-2.4699741065453367,0.023986941052669408
185207-185306,2.4769706696999947,-1.7440367070199443,-2.90795629245315,-0.0078889008917713
185307-185406,3.0400432891577225,-1.3559247746746905,-3.7446820751636665,-0.007888924602525549
185407-185506,3.3413955700291353,-0.5354464842385767,-3.224131756565825,-0.007888948313222954
