year,tas,rlut,rsut,rsdt
1850,288.9283621793083,225.78025165019733,106.93678726037494,340.2080597120641
