,tas,rlut,rsut,rsdt
185005-185104,287.2571134384364,233.83800136618416,98.31322243050353,340.4574555697506
185105-185204,288.00996323882555,234.88469579311018,98.13633025539377,340.4427714530236
185205-185304,288.69535279992505,236.0834113134097,97.72772795794761,340.45752563476566
185305-185404,289.18008456295485,236.8372659761612,97.59010118458367,340.45749394665023
185405-185504,289.2959325502996,237.2839933630538,97.30274608037244,340.4574555697506
185505-185604,289.4334690948653,237.2018466386639,96.97355666447207,340.4427714530236
185605-185704,289.88787014059824,237.88075277250107,97.15511401450799,340.45752563476566
185705-185804,289.9770042941995,238.15544019725223,96.90154189018354,340.45749394665023
185805-185904,289.905023778628,238.00760715432364,96.93910125314373,340.4574555697506
