,tas,rlut,rsut,rsdt
185011-185110,287.3921758782373,234.11588473385328,99.88880920410156,341.597793788126
185111-185210,288.09978222456135,235.4818204452431,100.61434807282326,341.62966960636
185211-185310,288.51545535570955,236.22118367234324,99.53359941456416,341.597793788126
185311-185410,288.98172089041094,236.8803873558567,99.64187358699432,341.597793788126
185411-185510,289.18079633320843,237.12643574753852,99.77292058239244,341.597793788126
