,tas,rlut,rsut,rsdt
185005-185104,287.19632300808007,234.12776936570256,99.83165517310573,341.5977937881261
185105-185204,288.1412695379205,235.36393062403945,100.16432827808819,341.62966960635987
185205-185304,288.71078315630353,236.40712547824808,99.7452505660384,341.5977937881261
185305-185404,288.94536325115047,236.98520127387897,99.68278054015279,341.5977937881261
185405-185504,289.2328442717252,237.2461572516454,99.56770972683006,341.5977937881261
