year,tas,rlut,rsut,rsdt
1850,0.012898450237230463,0.26550650470846904,-0.3791289173916681,0.029167358421261724
