year,tas,rlut,rsut,rsdt
1850,-0.026519753139098157,0.16100049357009993,-0.11801514341459551,0.029034306423284306
