year,tas,rlut,rsut,rsdt
1850,0.03314070744585251,-0.21777591778885608,0.10806584911176742,0.029126527989546958
