,tas,rlut,rsut,rsdt
185009-185108,0.8870813975098031,-4.553641166040734,-1.8038926751704452,-0.04450832182129716
185109-185208,1.6644593372032546,-2.8624037592522598,-2.6678247209942043,-0.06067200765329517
185209-185308,2.127177731512006,-2.0693495954787977,-2.5806113003026354,0.003632441796810326
185309-185408,2.2621521637458386,-1.686944404365562,-2.986506487822183,-0.04450832182129716
185409-185508,2.644120009543485,-1.421331017290015,-3.3053297003488495,-0.04450832182129716
