,tas,rlut,rsut,rsdt
185005-185104,0.9950851626559256,-4.196764812831276,-1.7348520173746778,-0.044508321821354
185105-185204,1.5410302524440453,-3.122156358501428,-2.4174053319793103,-0.05956964589171321
185205-185304,2.0906305967504295,-2.1833674961145277,-2.6702997427931336,0.00252705986605406
185305-185404,2.450614080254468,-1.3833382164061447,-3.1777195428839207,-0.044508321821354
185405-185504,2.518161452354718,-1.2537893222597347,-2.8556012090535177,-0.044508321821354
