,tas,rlut,rsut,rsdt
185011-185110,287.2931646477686,234.0186631294146,98.02300212285292,340.45041980482125
185111-185210,288.1258184714396,235.3411965708915,97.6947043788889,340.4640204424415
185211-185310,288.85842427292914,236.34449036480626,97.62166288192958,340.45036169600814
185311-185410,289.1659074339148,237.03391385013109,97.46262877999919,340.45038644450983
185411-185510,289.26520812152177,236.89594923045536,97.02519466452402,340.45041980482125
185511-185610,289.5986024616846,237.34298076525417,97.07479641606899,340.4640204424415
185611-185710,289.62887907681403,237.48696535711426,97.01525646889047,340.45036169600814
185711-185810,289.9010650216716,237.930393166738,96.82396453439372,340.45038644450983
185811-185910,290.1514479545698,238.30153800232776,96.89559809018488,340.45041980482125
