,tas,rlut,rsut,rsdt
185009-185108,287.4109940202269,233.9596619488442,98.17581107779726,340.45840169828233
185109-185208,288.19694435661603,235.4036191929885,97.98826749207542,340.4401253455323
185209-185308,288.7251772527825,236.20908090251768,97.50876305985123,340.45835103074165
185309-185408,289.3434761778949,236.96368445827534,97.49481125923052,340.4583757792434
185409-185508,289.3667341676476,237.3209444646966,96.7435287893635,340.45840169828233
185509-185608,289.52208964029944,237.263203563586,96.72741042590532,340.4401253455323
185609-185708,289.97600983920165,237.68643201018028,97.35947215459117,340.45835103074165
185709-185808,290.0628438871201,238.13912750662192,96.91415547410104,340.4583757792434
185809-185908,290.00293177774506,238.1347901644772,96.7071846112813,340.45840169828233
