,tas,rlut,rsut,rsdt
185007-185106,287.2862324753853,233.7449987960188,98.31934990033712,340.46192927948414
185107-185206,288.22517186566125,235.41369328733347,97.85683351527148,340.42946812363925
185207-185306,288.6317740662457,236.1242356809851,97.62032899203366,340.4619434095409
185307-185406,288.9682480903521,236.41409811777612,97.41245443265733,340.4619422390037
185407-185506,289.5024483458637,237.15769109856592,97.33226822108436,340.46192927948414
185507-185606,289.6956344354348,237.69744281039212,96.88011050615154,340.42946812363925
185607-185706,289.9214237578928,237.7834399915721,96.7924952049778,340.4619434095409
185707-185806,290.24735366612265,238.16022899052868,96.89421275935761,340.4619422390037
185807-185906,290.1015293069082,238.2336816657079,96.68254892009577,340.46192927948414
