year,tas,rlut,rsut,rsdt
1850,287.92057137066223,229.73796308011708,109.20397742804441,340.2374132158168
