year,tas,rlut,rsut,rsdt
1850,288.2064863938811,230.1195067552707,109.26978100070677,340.2374555351205
