year,tas,rlut,rsut,rsdt
2020,288.60056365949106,241.7386154790349,97.43134598499991,340.26615592265085
2021,288.55230495348644,241.449083069219,97.94289989309868,340.3062027735541
2022,288.3748791197326,241.4335403259445,98.33891355682591,340.38403880607854
2023,288.494554203886,241.479452582142,97.72540207393281,340.4279656515917
2024,288.6306504648739,241.71972390162878,97.50901167232946,340.47702116295824
